,book_title,book_author,customer_reviews_count,book_price,pages,language,publisher
0,Nic Mnie Nie Złamie: Zapanuj Nad Swoim Umysłem I Pokonaj Przeciwności Losu,Goggins David,Liczba ocen: 7,35.97,368.0,Polski,Galaktyka
2,Kicia Kocia Majsterkuje Wyd. 2019,Głowińska Anita,Liczba ocen: 35,4.82,24.0,Polski,Media Rodzina
3,Atomowe Nawyki Dodruk 2023,Clear James,Liczba ocen: 34,24.74,284.0,Polski,Galaktyka
4,Maluszkowe Malowanie. Pieski,Opracowanie zbiorowe,Liczba ocen: 109,1.46,16.0,Polski,Skrzat
5,"Tangofulness: Zgłębiając Istotę Połączenia, Świadomości I Znaczenia Tanga: Zgl&#281;Biaj&#261;C Istot&#281; Pol&#261;Czenia, &#347;Wiadomo&#347;Ci I Znaczenia Tanga",Dimitris Bronowski,,72.45,146.0,Polski,
6,Najpiękniejsze Wiersze Dla Dzieci,Jan Brzechwa,Liczba ocen: 79,8.32,80.0,Polski,Greg
7,"Psychologia Pieniędzy Ponadczasowe Lekcje: Ponadczasowe Lekcje O Bogactwie, Chciwości I Szczęściu",Housel Morgan,Liczba ocen: 13,29.88,272.0,Polski,Helion
8,Sekret,Rhonda Byrne,Liczba ocen: 38,39.8,200.0,Polski,Nowa Proza
9,Wiedzmin Ostatnie Zyczenie,Andrzej Sapkowski,Liczba ocen: 151,30.56,332.0,Polski,SuperNowa
10,Maluszkowe Malowanie. Kotki,Opracowanie zbiorowe,Liczba ocen: 142,1.46,16.0,Polski,Skrzat
11,Kicia Kocia. Co Zasiejemy W Ogródku?,Głowińska Anita,Liczba ocen: 27,4.87,24.0,Polski,Media Rodzina
12,Chłopki. Opowieść O Naszych Babkach,Kuciel-Frydryszak Joanna,Liczba ocen: 6,36.64,496.0,Polski,Marginesy
13,Rodzina Monet. Tom 3. Perełka. Część 2,Marczak Weronika,Liczba ocen: 3,28.88,480.0,Polski,You YA
14,Społeczeństwo Populistów,Sierakowski Sławomir,,28.99,320.0,Polski,Wydawnictwo Krytyki Polityczne
15,Wiedzmin 7 Pani Jeziora,Andrzej Sapkowski,Liczba ocen: 47,30.53,596.0,Polski,SuperNowa
16,Kicia Kocia W Przedszkolu Wyd. 2022,Głowińska Anita,Liczba ocen: 14,5.99,24.0,Polski,Media Rodzina
17,Maluszkowe Malowanie. Zwierzęta Na Wsi,Opracowanie zbiorowe,Liczba ocen: 92,1.46,16.0,Polski,Skrzat
18,Folwark Zwierzecy,George Orwell,Liczba ocen: 90,9.29,,,wydanie 12
19,Kwantechizm 2.0 Czyli Klatka Na Ludzi,Dragan Andrzej,Liczba ocen: 26,32.99,344.0,Polski,Otwarte
20,Kicia Kocia Na Plaży Wyd. 2022,Głowińska Anita,Liczba ocen: 1,6.04,24.0,Polski,Media Rodzina
21,Jak Zdobyć Przyjaciół I Zjednać Sobie... Wyd. 2022,Carnegie Dale,Liczba ocen: 2,22.35,312.0,Polski,Studio Emka
22,Rodzina Monet Tom 3 Perełka Część 1,Marczak Weronika,Liczba ocen: 6,28.88,480.0,Polski,You YA
23,Mój Mały Elementarz Literki,Opracowanie zbiorowe,Liczba ocen: 11,1.46,16.0,Polski,Skrzat
24,Wiedzmin Miecz Przeznaczenia,Andrzej Sapkowski,Liczba ocen: 86,32.94,400.0,Polski,SuperNowa
25,Maluszkowe Malowanie. Syrenki,Opracowanie zbiorowe,Liczba ocen: 140,1.46,16.0,Polski,Skrzat
27,Maluszkowe Malowanie Zwierzęta Domowe,Skrzat Wydawnictwo,Liczba ocen: 44,1.02,16.0,Polski,Skrzat
28,Maluszkowe Malowanie. Królewny,Opracowanie zbiorowe,Liczba ocen: 67,1.46,16.0,Polski,Skrzat
29,Maluszkowe Malowanie. Smoki,Opracowanie zbiorowe,Liczba ocen: 92,1.46,16.0,Polski,Skrzat
30,Harry Potter I Kamien Filozoficzny Ilustrowany,J. K. Rowling,Liczba ocen: 16,37.37,248.0,Polski,Media Rodzina
31,Rodzina Monet Tom 2 Królewna Część 1,Marczak Weronika,Liczba ocen: 4,22.13,448.0,Polski,You YA
32,Kicia Kocia U Dentysty Wyd. 2022,Głowińska Anita,Liczba ocen: 11,5.72,24.0,Polski,Media Rodzina
33,Bogaty Ojciec Biedny Ojciec: Czego Bogaci Uczą Swoje Dzieci Na Temat Pieniędzy I O Czym Nie Wiedzą Biedni I Klasa Średnia,Robert T. Kiyosaki,Liczba ocen: 171,32.99,344.0,Polski,Instytut Praktycznej Edukacji
34,Moje Literki,Opracowanie zbiorowe,Liczba ocen: 15,1.21,16.0,Polski,Skrzat
35,Luksusowe Samochody: Kolorowanka Sportowych Samochodów Dla Dzieci I Dorosłych,A&L Publishing,,31.4,110.0,Polski,
36,Hello Summer: 64 Pages Notebook,Heyo Publishing,,26.24,64.0,Polski,
37,Vicious Lost Boys Tom 3 Their Vicious Darling,Crowe Nikki St.,,23.6,304.0,Polski,Niegrzeczne Książki
38,Zaczekaj Na To,Zapata Mariana,,33.69,588.0,Polski,Napoleon V
39,Vincent,Brylewska Julia,,25.44,294.0,Polski,Napoleon V
41,Dyzartria W Mozgowym Porazeniu Dzieciecym: Segmentalna I Suprasegmentalna Specyfika Ciągu Fonicznego A Zrozumiałość Wypowiedzi W Przypadkach Dyzartrii W Mpd.,Urszula Mirecka,,40.43,280.0,Polski,UMCS
42,Bajkowe Ćwiczenia Logopedyczne,Daniel Irena,,14.22,48.0,Polski,Grupa Wydawnicza Harmonia
43,12 Zyciowych Zasad: Antidotum Na Chaos,Peterson,Liczba ocen: 53,42.74,432.0,Polski,Fijorr Publishing
44,Pakiet: Halny / Przepaść,Mróz Remigiusz,Liczba ocen: 4,40.46,1040.0,Polski,Filia
45,Potęga Podświadomości: Wydanie Nowe Uzupełnione,Joseph Murphy,,26.85,286.0,Polski,Świat Książki
46,Polszczyzna Na Co Dzień Wyd. 2022,Bańko Mirosław,,76.17,852.0,Polski,Wydawnictwo Naukowe PWN
47,Wiedzmin 6 Wieza Jaskolki,Andrzej Sapkowski,Liczba ocen: 53,32.94,488.0,Polski,SuperNowa
48,Podróże Marzeń. Polska,,,,448.0,Polski,Wydawnictwo Dragon
49,Baśnie Hans Christian Andersen Kolorowa Klasyka,Andersen Hans Christian,Liczba ocen: 1,9.08,96.0,Polski,Greg
51,Dowcipy Nr 86 Wędkarskie,Przemysław Adamczewski,,,96.0,Polski,Literat
52,Nauka Słowackiego - Szybko / Prosto / Skutecznie: 2000 Kluczowych Haseł: 2000 Kluczowych Hasel,Pinhok Languages,,59.99,86.0,Polski,
53,"Basia, Franek I Pielucha",Zofia Stanecka,,12.99,14.0,Polski,Harper Collins Polska / HarperKids
54,Wielkie Ciężarówki. Maszyny I Pojazdy. Mądra Mysz,Tielmann Christian,,6.87,24.0,Polski,Media Rodzina
55,Green Velo Mapa Rowerowa Województwo Lubelskie,,Liczba ocen: 2,9.9,2.0,Polski,Euro Pilot
56,The End And Then,Bird Hannah,,31.49,376.0,Polski,Wydawnictwo Ale!
57,Pola Mówi Muszę Siusiu!,Marienborg Irene,,9.9,36.0,Polski,Media Rodzina
58,Tdd Sztuka Tworzenia Dobrego Kodu,Kent Beck,,49.0,232.0,Polski,Helion
59,O Uwodzeniu,Jean Baudrillard,,,182.0,Polski,Sic!
60,Szczęście. Jak Żyć Bez Presji I Dbać O Swój Dobrostan,Niro Feliciano,,19.79,368.0,Polski,Filia
62,Five Nights At Freddy'S Tales T1 Gdzie Jest Lally?,Cawthon Scott,,21.29,276.0,Polski,Feeria
64,"Rawenna. Stolica Imperium, Tygiel Europy",Herrin Judith,,60.15,624.0,Polski,Rebis
65,Marika I Sonia,Karolina Wojciak,Liczba ocen: 2,,382.0,Polski,
66,Sekrety I Ching,Joseph Murphy,,23.81,400.0,Polski,Świat Książki
67,"Rzym, Kościół, Cesarze",Aleksander Krawczuk,,44.99,732.0,Polski,Iskry
68,Rozmowy Z Psychopatami. Masowi Mordercy I Szaleńcy,Berry-Dee Christopher,,27.74,272.0,Polski,Czarna Owca
69,Niemiecki W Tłumaczeniach. Słownictwo 2 Poziom B1-B2: Praktyczny Kurs Językowy Poziom B1-B2,Barbara Sieroslawski,,33.24,212.0,Polski,Preston Publishing
70,Star Wars: Ronin,Emma Mieko Candon,,31.42,448.0,Polski,Olesiejuk
71,Ekonomia Dla Normalnych Ludzi: Wprowadzenie Do Szkoły Austriackiej,Gene Callahan,Liczba ocen: 4,29.75,255.0,Polski,Fijorr Publishing
72,"Zarządzanie Talentami Koncepcje, Modele I Praktyki",Stuss Magdalena M.,,33.99,376.0,Polski,Wydawnictwo Uniwersytetu Jagiellońskiego
73,Pojazdy Samochodowe I Przyczepy Jelcz 1984-1989,Wojciech Polomski,Liczba ocen: 2,54.09,348.0,Polski,Wydawnictwa Komunikacji i Lacznosci WKL
74,Żubr Pompik. Wyprawy. Tom 11. Wodospad Muflona,Tomasz Samojlik,,6.5,24.0,Polski,Media Rodzina
75,Marcelinka: Opowieść Dla Bardzo Wrażliwych Dzieci I Ich Rodziców,Kucewicz Katarzyna,,42.5,76.0,Polski,Wydawnictwo Frajda
76,Lukrecja Na Pierwszym Planie,Goscinny Anne,Liczba ocen: 1,27.48,208.0,Polski,Znak
77,Mimowolne Cyborgi. Mózg I Wojna Przyszłości,Kamieński Łukasz,,26.79,344.0,Polski,Czarne
78,"Żelazne Ciało Ninja: Ćwiczenia Ninjitsu Tworzące Odporność Na ""Jad Węża I Pazur Tygrysa""",Ashida Kim,,14.99,192.0,Polski,Medium
81,Francuski W Tłumaczeniach. Słownictwo. Część 1 Poziom A1-B1,Janina Radej,Liczba ocen: 1,,224.0,Polski,Preston School Publishing
82,Zdobądź Bogactwo I Odnieś Sukces: Wykorzystaj Swój Potencjał Przez Potęgę Podświadomości,Murphy Joseph,,27.6,264.0,Polski,Rebis
83,Beksiński. Rysunek / Drawing,Wiesław Banach,Liczba ocen: 12,19.9,64.0,"Polski, Angielski",Wydawnictwo BOSZ
84,Ksi¿¿Ka Kucharska Essential Ketogenic Dieta ¿Ródziemnomorska,Aleksandra Wójcik,,40.29,254.0,Polski,Aleksandra Wójcik
85,Kto Zabrał Mój Ser? Opowieści Dla Młodzieży W.2022: Opowieść Dla Młodzieży,Johnson Spencer,Liczba ocen: 1,22.91,96.0,Polski,Studio Emka
86,Żubr Pompik. Odkrycia (5) Ptasie Wycieczki,Samojlik Tomasz,,9.9,24.0,Polski,Media Rodzina
88,Prawdziwa Magia,Dean Radin Phd,,31.39,276.0,Polski,Manendra
89,The Cheat Sheet,Sarah Adams,,28.81,448.0,Polski,Filia
90,Pan Drake,Bielska Lena M.,,25.71,316.0,Polski,Wydawnictwo NieZwykłe
92,Top10. Majorka,Opracowanie zbiorowe,,25.59,160.0,Polski,Lingea
93,Podróżniczka (Elegancka Edycja),Diana Gabaldon,,69.99,648.0,Polski,Świat Książki
94,Historia I Teraźniejszość 2 Podręcznik Zakres Podstawowy: Liceum Technikum,Izabela Modzelewska-Rysak,,65.05,456.0,Polski,WSiP
95,"Praca Gleboka: Jak Odnieść Sukces W Świecie, W Którym Ciągle Coś Nas Rozprasza",Cal Newport,Liczba ocen: 9,23.92,236.0,Polski,Studio Emka
96,Rodzina Monet Tom 2 Królewna Część 2,Marczak Weronika,Liczba ocen: 6,25.99,384.0,Polski,You YA
98,Harry Potter I Komnata Tajemnic Ilustrowana,J. K. Rowling,Liczba ocen: 13,36.58,272.0,Polski,Media Rodzina
99,Sezon Burz Wiedzmin,Andrzej Sapkowski,Liczba ocen: 51,33.43,404.0,Polski,SuperNowa
100,Archistoria. Opowieść O Architekturze,Magdalena Jeleńska,Liczba ocen: 2,,92.0,Polski,Muchomor
101,"Wiara, Która Zwycięża Świat",Ulf Ekman,Liczba ocen: 1,19.82,196.0,Polski,Instytut Wydawniczy Compassion
102,Psychologia Tlumu,Bon Gustave Le,Liczba ocen: 22,13.37,168.0,Polski,Vis-a-vis / Etiuda
103,Olejkowe Abc: Aromaterapia Dla Początkujących. Olejki Eteryczne I Ich Zastosowanie,Agnieszka Ciach,Liczba ocen: 20,52.5,174.0,Polski,
104,Mój Mały Elementarz Szlaczki,Opracowanie zbiorowe,Liczba ocen: 30,1.46,16.0,Polski,Skrzat
105,Kicia Kocia Na Basenie Wyd. 2022,Głowińska Anita,Liczba ocen: 15,5.99,24.0,Polski,Media Rodzina
106,Mężczyzna Imieniem Ove,Backman Fredrik,Liczba ocen: 3,24.97,352.0,Polski,Marginesy
108,Kicia Kocia Na Rowerze Wyd. 2022,Głowińska Anita,Liczba ocen: 9,6.34,24.0,Polski,Media Rodzina
109,Kicia Kocia Zakłada Zespół Muzyczny 2019,Głowińska Anita,Liczba ocen: 24,4.87,24.0,Polski,Media Rodzina
110,Tako Rzecze Zaratustra,Friedrich Nietzsche,Liczba ocen: 13,8.65,326.0,Polski,Vis-a-vis / Etiuda
112,Wiedzmin 4 Czas Pogardy,Andrzej Sapkowski,Liczba ocen: 58,33.54,368.0,Polski,SuperNowa
113,Metaphysical Anatomy Volume 1 Polish Version,Evette Rose,Liczba ocen: 24,267.0,650.0,Polski,Lulu.com
114,Wiedzmin 5 Chrzest Ognia,Andrzej Sapkowski,Liczba ocen: 48,33.33,384.0,Polski,SuperNowa
115,Harry Potter 3 Więzień Azkabanu Ilustr.,Rowling J.K.,Liczba ocen: 19,36.0,328.0,Polski,Media Rodzina
116,Sztuka Zwycięstwa. Wspomnienia Twórcy Nike,Knight Phil,Liczba ocen: 4,29.99,488.0,Polski,Rebis
117,Wiersze Wszystkie,Szymborska Wisława,Liczba ocen: 2,56.69,800.0,Polski,Znak
118,Mój Mały Elementarz Cyferki,Opracowanie zbiorowe,Liczba ocen: 22,1.46,16.0,Polski,Skrzat
120,"Glukozowa Rewolucja: Kontroluj Poziom Cukru We Krwi, Odzyskaj Energię I Jedz To, Na Co Masz Ochotę",Inchauspe Jessie,,29.99,320.0,Polski,Marginesy
121,Icebreaker,Grace Hannah,,34.98,450.0,Polski,Zysk i S-ka
122,Potęga Podświadomości Wydanie Nowe Uzupełnione,Murphy Joseph,Liczba ocen: 231,23.39,288.0,Polski,Świat Książki
123,Rodzina Monet: Skarb,Marczak Weronika,Liczba ocen: 7,26.0,416.0,Polski,You YA
124,Maluszkowe Malowanie. Koniki,Opracowanie zbiorowe,Liczba ocen: 84,1.46,16.0,Polski,Skrzat
125,Fenomen Poranka,Hal Elrod,Liczba ocen: 63,20.33,184.0,Polski,Galaktyka
126,Maluszkowe Malowanie. Zwierzęta Prehistoryczne,Opracowanie zbiorowe,Liczba ocen: 105,1.46,16.0,Polski,Skrzat
128,Życie Na Pograniczach: Zbigniew Anthony Kruszewski. Biografia,Beata Halicka,Liczba ocen: 2,,432.0,Polski,Aspra
129,Pucio Na Wsi. Ćwiczenia Rozumienia I Mówienia Dla Dzieci,Marta Galewska-Kustra,Liczba ocen: 15,37.59,40.0,Polski,Nasza Księgarnia
130,"Miało Być Zabawnie, A Wyszło Jak Zwykle",Szelągowska Dorota,,29.44,240.0,Polski,Wielka Litera
131,Kicia Kocia Na Traktorze Wyd. 2022,Głowińska Anita,Liczba ocen: 35,6.35,24.0,Polski,Media Rodzina
133,"Natural Face Lifting. Gładka, Jędrna I Promienna",Korytkowska Alina,Liczba ocen: 1,37.47,240.0,Polski,Pascal
134,Polska. Dwanaście Wieków,Wojciech Polak Adam Bujak,,86.86,368.0,Polski,Biały Kruk
136,Harry Potter I Czara Ognia Ilustrowana,Joanne K. Rowling,Liczba ocen: 11,48.19,468.0,Polski,Media Rodzina
137,Nawyki Warte Miliony. Jak Nauczyć Się Zachowań: Jak Nauczyć Się Zachowań Przynoszących Bogactwo,Tracy Brian,Liczba ocen: 28,28.57,320.0,Polski,"One Press, Helion"
139,For Sure Not You,Ancerowicz Weronika,Liczba ocen: 1,26.49,333.0,Polski,Wydawnictwo NieZwykłe
140,"Odwaga Bycia Nielubianym: Japoński Fenomen, Który Pokazuje, Jak Być Wolnym I Odmienić Własne Życie",Ichiro Kishimi,Liczba ocen: 21,21.99,236.0,Polski,Galaktyka
141,Nowy Wspaniały Świat Wyd. 2022,Huxley Aldous,Liczba ocen: 8,20.23,256.0,Polski,Muza SA
142,Rok 1984,Orwell George,Liczba ocen: 3,9.52,,,wznowienie
143,Jak Nie Być Biednym?: Kompendium Wiedzy Rozwoju Osobistego,Gracjan Gornig,,50.37,178.0,Polski,
144,Schudnij Po 50: Jedz 6 Godzin / 2 Posiłki Dziennie,Maciej Latawiec,Liczba ocen: 1,65.9,125.0,Polski,
145,Negocjuj Jakby Od Tego Zalezalo Twoje Zycie: Nigdy Nie Idź Na Kompromis,Chris Voss,Liczba ocen: 8,35.65,300.0,Polski,MT Biznes
146,Kicia Kocia Zostaje Policjantką Wyd. 2022,Glowinska Anita,Liczba ocen: 12,6.18,24.0,Polski,Media Rodzina
148,Prezydent Aleksander Kwaśniewski W Rozmowie Z Alek,Kwaśniewski Aleksander,Liczba ocen: 4,38.99,464.0,Polski,Znak Literanova
149,Poza Porządek. Kolejne 12 Życiowych Zasad,Peterson Jordan B.,Liczba ocen: 11,38.42,402.0,Polski,Freedom Publishing
150,Co Widac I Czego Nie Widac,Frederic Bastiat,Liczba ocen: 14,12.44,77.0,Polski,Fijorr Publishing
151,Kicia Kocia Sprząta Wyd. 2022,Glowinska Anita,,5.99,24.0,Polski,Media Rodzina
152,Chłopcy. Idą Po Polskę,Kącki Marcin,Liczba ocen: 1,35.71,400.0,Polski,Znak Literanova
153,Wielka Wojna O Chipy: Jak Usa I Chiny Walczą O Technologiczną Dominację Nad Światem,Miller Chris,Liczba ocen: 1,58.41,552.0,Polski,Prześwity
154,Maluszkowe Malowanie. Zwierzęta Egzotyczne,Opracowanie zbiorowe,Liczba ocen: 97,1.46,16.0,Polski,Skrzat
155,Solaris,Lem Stanisław,Liczba ocen: 4,25.2,340.0,Polski,Wydawnictwo Literackie
156,"Esencjalista: Mniej, Ale Lepiej",McKeown Greg,Liczba ocen: 20,32.18,288.0,Polski,MT Biznes
158,Żuchwa Kaina,Edward Powys Mathers aka Torquemada,,26.33,216.0,Polski,Czwarta Strona
159,Tego Lata Stałam Się Piękna. Lato. Tom 1,Jenny Han,Liczba ocen: 1,23.32,304.0,Polski,Young
160,Imperium Bólu. Baronowie Przemysłu Farmaceutycz: Baronowie Przemysłu Farmaceutycznego,Keefe Patrick Radden,,46.09,616.0,Polski,Czarne
161,Sztuka Wojny Wyd. 3/2021,Tzu Sun,Liczba ocen: 13,33.62,320.0,Polski,onepress
162,Akademia Pana Kleksa Lektury,Jan Brzechwa,Liczba ocen: 18,11.95,160.0,Polski,Wilga
163,Droga Do Czarnych Dziur,Lasota Jean-Pierre,,29.23,224.0,Polski,Copernicus Center Press
164,Monday Nie Przyjdzie,Jackson Tiffany D.,,29.44,400.0,Polski,We need YA
165,Minimalizm Po Polsku,Mularczyk-Meyer Anna,Liczba ocen: 2,34.31,192.0,Polski,Black Publishing
167,Jak Zostać Stoikiem: Odporność Emocjonalna I Pozytywne Nastawienie,Van Natta Matthew,Liczba ocen: 1,21.3,114.0,Polski,onepress
169,Norweski - Gramatyka Z Ćwiczeniami Wyd. Iii,Filipek Michał Jan,,27.39,208.0,"Polski, Norweski",EDGARD
170,Sztuczna Inteligencja. Nowe Spojrzenie. T 2 Wyd. 4,Russell Stuart,,81.27,472.0,Polski,Helion
171,Metaphysical Anatomy Technique Polish Version,Evette Rose,Liczba ocen: 14,100.6,194.0,Polski,
172,Kicia Kocia I Nunuś. W Kąpieli,Anita Głowińska,Liczba ocen: 37,8.99,14.0,Polski,Media Rodzina
174,Najlepsze Miejsce Na Świecie: Gdzie Wschód Zderza Się Z Zachodem,Bartosiak Jacek,Liczba ocen: 7,41.92,496.0,Polski,Wydawnictwo Literackie
175,Zjedz Te Zabe: 21 Metod Podnoszenia Wydajności W Pracy I Zwalczania Skłonności Do Zwlekania,Brian Tracy,Liczba ocen: 13,23.75,132.0,Polski,MT Biznes
177,Na Skraju Imperium I Inne Wspomnienia,Mieczysław Jałowiecki,,48.86,776.0,Polski,Czytelnik
178,Koreański Masaż Twarzy I Ciała: Domowy Lifting Bez Skalpela,Wee Soo Young,,31.13,176.0,Polski,Wydawnictwo Kobiece
179,Flowers,Mirek Krystyna,,27.39,320.0,Polski,Wydawnictwo Luna
180,Szkatułka Z Motylem,Montefiore Santa,,25.53,592.0,Polski,Świat Książki
181,Roboty Ziemne I Rekultywacyjne W Budownictwie Komunikacyjnym,Marian Glazewski,,,392.0,Polski,Wydawnictwa Komunikacji i Lacznosci WKL
182,Po Trzęsieniu,Jean Portante,,,254.0,Polski,Instytut Kultury Miejskiej
183,Roblox Lua W 24 Godziny. Tworzenie Gier Dla Początkujących,Roblox Corporation,,44.87,328.0,Polski,Helion
184,Zimowy Swiat: Jak Zwierzęta Radzą Sobie Z Zimnem,Heinrich Bernd,,22.19,368.0,Polski,Czarne
185,Drzewa W Moim Lesie,Heinrich Bernd,,,216.0,Polski,Czarne
186,Umysl Kruka Badania I Przygody W Swiecie Wilczych Ptakow: Badania I Przygody W Świecie Wilczych Ptaków,Heinrich Bernd,,,504.0,Polski,Czarne
190,Zostań Już Na Zawsze,Gołębiewska Ilona,,25.53,320.0,Polski,Muza SA
191,Tajniki Skutecznych Dotcomów: Jak Rozwijać Firmę W Internecie,Brunson Russell,,48.99,368.0,Polski,"One Press, Helion"
192,Frankenstein. Czytamy W Oryginale,Mary Shelley,,12.66,,,44.pl
193,Co By Pan Zrobił Na Moim Miejscu? Trudne Przypadki Neurochirurga,Peter Vajkoczy,,34.97,352.0,Polski,Otwarte
194,Samoloty Kolorowanka Dla Dzieci,Sophia Cutewink,,34.89,82.0,Polski,
195,Simona: Opowieść O Niezwyczajnym Życiu Simony Kossak,Kamińska Anna,Liczba ocen: 4,,336.0,Polski,Wydawnictwo Literackie
196,Kastor Piecze,Lars Klinting,,10.12,40.0,Polski,Media Rodzina
198,Moja Wielka Wyszukiwanka. Dzień I Noc,Susanne Gernhauser,,39.9,20.0,Polski,Papilon
200,Pięć Sprytnych Kun,Bednarek Justyna,,,128.0,Polski,Poradnia K
201,Zemsta Lektura Z Opracowaniem (Miękka),Fredro Aleksander,Liczba ocen: 1,6.63,144.0,Polski,SBM
202,Ccna 200-301 Zostań Administratorem Sieci: Zostań Administratorem Sieci Komputerowych Cisco,Józefiok Adam,,156.87,1048.0,Polski,Helion
203,Śmierć Królów. Cykl Wojny Wikingów. Tom 6,Bernard Cornwell,Liczba ocen: 2,54.9,448.0,Polski,Otwarte
205,Archer`S Voice. Znaki Miłości,Mia Sheridan,,32.16,384.0,Polski,Znak JednymSłowem
207,Wieczne Zycie: O Zwierzęcej Formie Śmierci,Heinrich Bernd,,20.49,224.0,Polski,Czarne
208,Rzeczpospolita Między Lądem A Morzem Dodruk 2020: O Wojnie I Pokoju,Bartosiak Jacek,Liczba ocen: 18,76.23,848.0,Polski,Zona Zero
210,Dom Głosów,Donato Carrisi,Liczba ocen: 2,26.43,352.0,Polski,Albatros
211,Gwiazdy Kina Prl,Koper Sławomir,Liczba ocen: 1,29.39,328.0,Polski,Fronda
212,Ostatnia Róża Szanghaju,Weina Dai Randel,,32.49,480.0,Polski,Znak
213,"Manipulacja Mentalna: Kompletny Podręcznik Do Nauki Obrony, Analizowania Ludzi I Odkrywania Zakazanych Technik Manipulacji Mentalnej",Loris Rinaldi,,79.57,248.0,Polski,
214,Ścieżki Kreacji: Odkrywanie Potęgi Medytacji I Afirmacji,Tomasz Szwal,,43.42,140.0,Polski,
216,Życie Po Śmierci 2,Szponar Wiktor ks.,,30.9,296.0,Polski,Fronda
217,Dziennik Modlitwy Dla Kobiet Na 70 Dni: Moje Inspiracje I Rozważania Biblijne Do Duchowego Wzrostu,Agata Dawid,,59.85,142.0,Polski,
218,Hawkins Horrors. Stranger Things,Gilbert Matthew J.,Liczba ocen: 1,21.89,240.0,Polski,Feeria
219,Stranger Things Ciemność Nad Miastem,Christopher Adam,,,460.0,Polski,Poradnia K
220,Wakacje W Trzeciej Rzeszy. Narodziny Faszyzmu Oczami Zwykłych Ludzi,Julia Boyd,Liczba ocen: 2,43.0,480.0,Polski,Prószyński Media
221,Stranger Things. Wszyscy Mówią Na Mnie Max: Runaway Max. Stranger Things,Brenna Yovanoff,Liczba ocen: 1,22.0,262.0,Polski,Feeria
222,Stitchrays Moda Na Szydełko,Palczewska Oliwia,,19.49,240.0,Polski,Znak Literanova
223,Roslinny Lunchbox Dla Kazdego,Eryk Walkowicz,Liczba ocen: 1,37.99,240.0,Polski,Flow Books
224,Folwark Zwierzęcy,Orwell George,Liczba ocen: 16,10.76,,,Greg
225,Widmo Brockenu. Seria Z Komisarzem Forstem Tom 8,Mróz Remigiusz,Liczba ocen: 1,28.69,480.0,Polski,Filia
226,Brudne Pranie. Adhd U Dorosłych I Jak Sobie Z: Adhd U Dorosłych I Jak Sobie Z Nim Radzić,Pink Richard,Liczba ocen: 1,19.99,188.0,Polski,Insignis Media
227,Człowiek W Poszukiwaniu Sensu,Frankl Viktor E.,Liczba ocen: 2,24.51,224.0,Polski,Czarna Owca
228,Tęsknota Duszy,Aleksander Deyev,Liczba ocen: 3,27.84,214.0,Polski,New Space
229,Maine Coon (Mainkun - Rasa Kota),Jakub Kowalczyk,,65.99,102.0,Polski,Jakub Kowalczyk
230,Historia Sp 6 Wczoraj I Dziś Podr. 2022 Ne,Bogumiła Olszewska,,,224.0,Polski,Nowa Era
232,Matura 2022 Vademecum Biologia Zakres Rozszerzony,Laura Betleja,,,538.0,Polski,Operon
233,"Hotel ""Savoy""",Joseph Roth,Liczba ocen: 10,,170.0,Polski,Austeria
234,"Jak Nie Umrzeć Przedwcześnie. Co Jeść, Aby Dłużej Cieszyć Się Zdrowiem",Gene Stone Michael Greger,,40.81,560.0,Polski,Czarna Owca
235,"101 Lekcji, Które Zmienią Twój Sposób Myślenia",Brianna Wiest,,30.99,600.0,Polski,Filia
237,Kicia Kocia W Pociągu Wyd. 2022,Głowińska Anita,Liczba ocen: 27,6.04,24.0,Polski,Media Rodzina
238,Sztuka Uwodzenia: Praktyczny Przewodnik Po Tajemnicach Manipulacji,Greene Robert,Liczba ocen: 9,27.68,216.0,Polski,Czarna Owca
240,Bogaty Albo Biedny Po Prostu Rozni Mentalnie,T. Harv Eker,Liczba ocen: 45,20.0,162.0,Polski,Studio Emka
241,Kicia Kocia Gra W Piłkę Wyd.2022,Głowińska Anita,Liczba ocen: 23,5.99,24.0,Polski,Media Rodzina
242,Potega Terazniejszosci,Eckhart Tolle,Liczba ocen: 156,21.65,256.0,Polski,Galaktyka
243,"Co Ci Się Przydarzyło? Rozmowy O Traumie...: Rozmowy O Traumie, Odporności Psychicznej I Zdrowieniu",Perry Bruce D.,Liczba ocen: 12,26.19,344.0,Polski,Wydawnictwo Agora
244,Kicia Kocia I Straszna Burza. Kicia Kocia,Głowińska Anita,,6.12,24.0,Polski,Media Rodzina
245,"Uwięzieni W Słowach Rodziców. Jak Uwolnić Się: Jak Uwolnić Się Od Zaklęć, Które Rzucono Na Nas W Dzieciństwie",Kozak Agnieszka,Liczba ocen: 8,31.92,376.0,Polski,OnePress
246,Maluszkowe Malowanie. Modelki,Opracowanie zbiorowe,Liczba ocen: 24,1.46,16.0,Polski,Skrzat
247,Czuła Przewodniczka. Kobieca Droga Do Siebie,de Barbaro Natalia,Liczba ocen: 260,21.25,256.0,Polski,Wydawnictwo Agora
248,Joga Z Pomocami: Część I: Asany Stojące,Dr Eyal Shifroni,,42.0,178.0,Polski,
249,Kicia Kocia Nie Chcę Się Tak Bawić 2019,Głowińska Anita,Liczba ocen: 16,5.22,24.0,Polski,Media Rodzina
252,Śmierć All-Inclusive. Jak Polacy Umierają Na Wakacjach,Magda Mieśnik Piotr Mieśnik,Liczba ocen: 1,32.98,304.0,Polski,Znak Koncept
253,Kicia Kocia W Kosmosie Wyd. 2022,Głowińska Anita,Liczba ocen: 40,6.37,24.0,Polski,Media Rodzina
255,Zasady,Dalio Ray,Liczba ocen: 5,50.39,637.0,Polski,Wydawnictwo Agora
256,Służące Do Wszystkiego,Joanna Kuciel-Frydryszak,,,416.0,Polski,Marginesy
257,Harry Potter I Zakon Feniksa (Wydanie Ilustrowane),J.K. Rowling,Liczba ocen: 2,92.19,568.0,Polski,Media Rodzina
258,Erystyka Czyli Sztuka Prowadzenia Sporow,Arthur Schopenhauer,Liczba ocen: 5,9.39,128.0,Polski,Alma-Press
259,Poza Dobrem I Złem,Fryderyk Nietzsche,Liczba ocen: 6,9.92,208.0,Polski,Vis-a-vis / Etiuda
260,"„Pan Raczy Żartować, Panie Feynman!”. Przypadki Ciekawego Człowieka",Richard P. Feynman,,37.38,448.0,Polski,Znak Literanova
261,Umysl Ponad Nastrojem Zmien Nastroj Poprzez Zmiane Sposobu Myslenia: Zmień Nastrój Poprzez Zmianę Sposobu Myślenia,Christine A. Padesky,Liczba ocen: 24,48.98,344.0,Polski,Wydawnictwo Uniwersytetu Jagiellonskiego
262,Kajko I Kokosz. Złota Kolekcja. Tom 6,Janusz Christa,,,264.0,Polski,Egmont
263,Umysł Mistrza Jak Myślą I Trenują Dodruk 2022: Jak Myślą I Trenują Najlepsi Sportowcy Świata,Afremow Jim,Liczba ocen: 2,25.21,284.0,Polski,Galaktyka
264,Pucio Uczy Się Mówić. Zabawy Dźwiękonaśladowcze Dla Najmłodszych,Marta Galewska-Kustra,Liczba ocen: 1,37.28,40.0,Polski,Nasza Księgarnia
265,Bing. Koloruj I Naklejaj,Beata Żmichowska,Liczba ocen: 3,6.42,24.0,Polski,Harper Collins Polska / HarperKids
266,Książę: Cel Uświęca Środki,Machiavelli Niccolo,Liczba ocen: 3,17.99,134.0,Polski,"One Press, Helion"
267,Oddech. Naukowe Poszukiwania Utraconej Sztuki,Nestor James,Liczba ocen: 23,27.06,336.0,Polski,Galaktyka
268,"Sila Nawyku: Dlaczego Robimy To, Co Robimy I Jak Można To Zmienić W Życiu I Biznesie.",Charles Duhigg,Liczba ocen: 31,36.66,424.0,Polski,Dom Wydawniczy PWN
269,Akademia Pana Kleksa,Jan Brzechwa,Liczba ocen: 54,16.87,136.0,Polski,Greg
270,Zanim Wystygnie Kawa,Kawaguchi Toshikazu,Liczba ocen: 3,26.72,220.0,Polski,Wydawnictwo Relacja
271,Pucio U Lekarza,Marta Galewska-Kustra,Liczba ocen: 9,18.82,28.0,Polski,Nasza Księgarnia
274,"Kod Emocji Jak Uwolnić Zablokowane Emocje: Jak Uwolnić Zablokowane Emocje I Cieszyć Się Zdrowiem, Szczęściem Oraz Miłością.",Nelson Bradley,Liczba ocen: 30,29.71,384.0,Polski,Galaktyka
276,Psychologia Tłumu - Wyd. 2023,Gustave Le Bon,,12.88,160.0,Polski,vis-a-vis Etiuda
277,Lato T.2 Bez Ciebie Nie Ma Lata,Han Jenny,,23.51,304.0,Polski,Young
278,Wszyscy Tak Jeżdżą,Bartosz Józefiak,Liczba ocen: 1,31.99,392.0,Polski,Czarne
279,Nazistowscy Miliarderzy: Mroczna Historia Najboga: Mroczna Historia Najbogatszych Przemysłowych Dynastii Niemiec,de Jong David,Liczba ocen: 1,30.35,392.0,Polski,Sonia Draga Post factum
280,"Sapiens Wyd. 2022, Uzupełnione: Od Zwierząt Do Bogów",Harari Yuval Noah,Liczba ocen: 1,45.41,544.0,Polski,Wydawnictwo Literackie
281,Filthy Rich Vampires. Drugi Rytuał,Lee Geneva,,27.75,430.0,Polski,Niegrzeczne Książki
282,Brzdące Kolorują Zwierzaki W Zoo,Zabrzeska Zofia,,1.83,16.0,Polski,Skrzat
283,Dawid Dowbusz - Śladem Fortuny: Jak £300 Stało Się Wielomilionowym Majątkiem?,Mr Dawid Dowbusz,Liczba ocen: 8,161.98,266.0,Polski,
284,Rel Sp 1 Poznaję Boży Świat Podręcznik: Szkoła Podstawowa,Mielnicki Krzysztof dr,,14.69,128.0,Polski,Wydawnictwo Jedność
285,Trylogia Winnych T.2 Twoja Wina,Ron Mercedes,Liczba ocen: 1,,440.0,Polski,Harde Wydawnictwo
286,Kitty Kotty Helps To Clean,Głowińska Anita,Liczba ocen: 6,6.75,24.0,Polski,Media Rodzina
287,Bolesław Chrobry I Jego Czasy. Tom 2,Stanisław Rosik,Liczba ocen: 3,0.93,24.0,Polski,Dolnośląskie
288,Przeprawa Wyd. 2023,McCarthy Cormac,,41.93,320.0,Polski,Wydawnictwo Literackie
291,Dziennik Rosyjski,Politkowska Anna,,30.74,480.0,Polski,Mova
292,Rok 1984,George Orwell,Liczba ocen: 40,20.25,,,
293,Rozmyślania,Aureliusz Marek,Liczba ocen: 19,24.61,160.0,Polski,"One Press, Helion"
294,Kicia Kocia Na Placu Zabaw Wyd. 2022,Głowińska Anita,,6.1,24.0,Polski,Media Rodzina
296,Jak Przestać Się Martwić I Zacząć Żyć,Carnegie Dale,Liczba ocen: 47,26.29,392.0,Polski,Studio Emka
297,Nie Ma Żadnego Jutra: Jak Rak Żołądka Uratował Mi Życie,Anita Wojtaś-Jakubowska,Liczba ocen: 2,37.8,136.0,Polski,
298,"Szczeka, Merda, Mówi. Jak Być Najlepszym Człowiekiem Swojego Psa",Zofia Zaniewska-Wojtków Piotr Wojtków,Liczba ocen: 7,39.59,272.0,Polski,Znak Literanova
299,Kicia Kocia. Wiosna!,Głowińska Anita,Liczba ocen: 9,5.72,24.0,Polski,Media Rodzina
300,"Joga Iyengara W Każdym Wieku. Zdrowie, Sprawność: Zdrowie, Sprawność I Pogoda Ducha",Keller Rita,,57.67,240.0,Polski,Galaktyka
301,Moje Pierwsze Cyferki,Agnieszka Antosiewicz,,2.8,24.0,Polski,Greg
302,Caraval Tom 1,Garber Stephanie,,25.88,368.0,Polski,Poradnia K
303,"Tlenowa Przewaga: Trenuj Efektywnie, Popraw Wydolność, Wzmocnij Zdrowie.",Patrick Mckeown,Liczba ocen: 9,30.99,376.0,Polski,Galaktyka
304,Jadłonomia Po Polsku,Dymek Marta,Liczba ocen: 124,41.99,280.0,Polski,Marginesy
305,Different. Seria Students. Tom 2: Students #2,Aleksandra Negrońska,,32.93,614.0,Polski,Wydawnictwo NieZwykłe
306,Życie Po Śmierci Teologiczne Śledztwo W 2022,Szponar Wiktor,,29.72,260.0,Polski,Fronda
307,Love On The Brain: Gdy Miłość Uderza Do Głowy,Hazelwood Ali,Liczba ocen: 1,26.49,416.0,Polski,Muza SA
308,Najbogatszy Człowiek W Babilonie Dodruk 2022,Clason George S.,Liczba ocen: 32,26.29,172.0,Polski,Studio Emka
309,Śladami Pierwszych Chrześcijan: Przewodnik Kulturowy Po Wczesnochrześcijańskim Rzymie,Monika Ożóg Henryk Pietras SJ,,29.0,184.0,Polski,WAM
311,Students Tom 3 Identical,Negrońska Aleksandra,,33.69,578.0,Polski,Wydawnictwo NieZwykłe
312,Kastor Naprawia Rower,Lars Klinting,,11.19,40.0,Polski,Media Rodzina
313,Moja Wielka Wyszukiwanka. Przedszkole,Susanne Gernhäuser,,30.18,24.0,Polski,Papilon
314,Zostawić Za Sobą Świat,Karolina Beata Tzenvirt,,26.77,252.0,Polski,Świat Książki
316,Astronauci,Lem Stanisław,Liczba ocen: 2,30.12,420.0,Polski,Wydawnictwo Literackie
317,Język Go. Poznaj I Programuj,A. A. Donovan Alan,,59.0,360.0,Polski,Helion
318,Śmierć Na Nilu,Christie Agatha,Liczba ocen: 3,29.93,336.0,Polski,Dolnośląskie
319,Lepiej Niż Wczoraj,Painter Lynn,,26.78,312.0,Polski,Young
320,Dziennik Nauczyciela Baletu 2023/2024: Planer Zajęcia Taneczne Pomoc Dydaktyczna Balet Taniec,Creative Time,,40.95,61.0,Polski,
321,Co Ze Mną Nie Tak? O Życiu W Dysfunkcyjnym Domu,Flis Joanna,Liczba ocen: 1,32.99,352.0,Polski,Znak
322,Jezus Umarł W Polsce,Grynberg Mikołaj,,31.19,320.0,Polski,Wydawnictwo Agora
324,Inteligencja Emocjonalna,Daniel Goleman,Liczba ocen: 23,36.76,510.0,Polski,Media Rodzina
325,My Mechanical Romance,Follmuth Alexene Farol,,27.37,288.0,Polski,You YA
326,Slowo Zycia: Parafraza Nowego Testamentu We Współczesnym Języku Polskim,praca zbiorowa,Liczba ocen: 2,21.39,310.0,Polski,Szaron
327,Dziadek I Niedźwiadek Historia Prawdziwa,Łukasz Wierzbicki,,39.9,166.0,Polski,Pointa
328,"Factfulness: Dlaczego Świat Jest Lepszy, Niż Myślimy, Czyli Jak Stereotypy Zastąpić Realną Wiedzą",Hans Rosling,Liczba ocen: 22,,368.0,Polski,Media Rodzina
329,Mentalista,Lackberg Camilla,Liczba ocen: 6,36.81,680.0,Polski,Czarna Owca
330,Tygrys: Na Tropie Rosyjskiej Bestii,Vaillant John,,31.67,392.0,Polski,Czarne
331,Prawo Przyciągania,i Jerry Hicks Esther,Liczba ocen: 2,,304.0,Polski,Studio Astropsychologii
332,Roboty Przemysłowe: Budowa I Zastosowanie,Jerzy Honczarenko,,49.79,448.0,Polski,WNT
333,Kolej Podziemna Czarna Krew Ameryki,Colson Whitehead,Liczba ocen: 3,29.52,384.0,Polski,Albatros
334,Wesoła Kaligrafia 6+,Opracowanie zbiorowe,,8.5,16.0,Polski,Wydawnictwo Dragon
335,Skwaszone Winogrono. Smaczna Banda I Emocje,Jory John,,24.7,32.0,Polski,Harper Collins Polska / HarperKids
336,Strategie Walczących Państw,Ce Zhanguo,,86.78,474.0,Polski,Wydawnictwo Dialog
337,Topr. Tatrzańska Przygoda Zosi I Franka,Sabała-Zielińska Beata,,33.33,280.0,Polski,Prószyński Media
338,Skad Sie Bierze Woda Sodowa: I Nie Tylko,Tadeusz Baranowski,Liczba ocen: 8,,88.0,Polski,Ongrys
339,Historia Sp 6 Wczoraj I Dziś Ćw. 2022 Ne,Bogumiła Olszewska,,,128.0,Polski,Nowa Era
340,Dorwać Ramireza. Akt Ii,Nicolas Petrimaux,,64.39,192.0,Polski,Egmont
341,Made In Abyss #11,Akihito Tsukushi,,20.47,144.0,Polski,Kotori
342,Stranger Things. Obóz Naukowy,praca zbiorowa,,36.88,112.0,Polski,Dolnośląskie
343,Kamogawa. Tropiciele Smaków,Kashiwai Hisashi,,28.29,176.0,Polski,Wydawnictwo Relacja
344,Mindfulness. Trening Uważności,Williams Mark,,30.69,216.0,Polski,EDGARD
345,Autyzm Przełom W Podejściu Wyd. 2022,Kaufman Raun K.,Liczba ocen: 8,51.39,432.0,Polski,Wydawnictwo Kobiece
346,Krakow Xxl Atlas Miasta Plus 19,praca zbiorowa,,,51.0,Polski,Demart
347,Człowiek Istota Społeczna Wydanie Nowe,Aronson Elliot,,69.0,400.0,Polski,Wydawnictwo Naukowe PWN
348,Stranger Things. Szóstka,praca zbiorowa,,36.05,96.0,Polski,Dolnośląskie
350,Bez Gaf W Obcych Krajach,Kazimierz Cap,,178.99,224.0,Polski,Bellona
351,Epistemologia I Metodologia Zarzadzania,Lukasz Sulkowski,,,376.0,Polski,PWE
352,Uwielbiam Kuchnia Indyjska 2022: Pyszne I Zdrowe Przepisy Indyjskiej Tradycji,Astha Som,,,222.0,Polski,ASTHA SOM
353,The Inheritance Games T1,Barnes Jennifer-Lyyn,,26.54,400.0,Polski,Media Rodzina
355,"Mistrzowski Trawnik Ozdobny, Poradnik Ogrodowy: Wszystko Co Musisz Wiedzieć O Zakładaniu I Pielęgnacji Trawy W Ogrodzie",Adam Odnowiciel,,29.99,100.0,Polski,
356,Maluszkowe Malowanie. Owady Wyd. 2022,Opracowanie zbiorowe,,1.9,16.0,Polski,Skrzat
357,Polska Kronika Filmowa Podgladanie Prl-U,Marek Kosma Cieslinski,,,184.0,Polski,Bosz
359,Bractwo,John Grisham,,32.13,448.0,Polski,Albatros
360,Clone. Students. Tom 1: Students #1,Negrońska Aleksandra,,32.35,576.0,Polski,Wydawnictwo NieZwykłe
361,Gąsienica,Ranpo Edogawa,Liczba ocen: 2,20.4,192.0,Polski,Tajfuny
362,Kiedy Ciało Mówi Nie: Koszty Ukrytego Stresu,Mate Gabor,Liczba ocen: 12,33.74,352.0,Polski,Czarna Owca
363,Akita Inu (Rasa Psa),Jakub Kowalczyk,,54.13,118.0,Polski,Jakub Kowalczyk
365,"Angielski W It. Praktyczny Kurs. Komunikacja...: Praktyczny Kurs Komunikacja, Gramatyka, Słownictwo",Lewoc Anna,,41.12,272.0,Polski,EDGARD
366,"Kreski, Szlaczki I Ślimaczki Ćwiczenia Grafomotoryczne: Zanim Pójdę Do Szkoły",Beata Guzowska,Liczba ocen: 6,3.25,32.0,Polski,Literat
368,Cztery Umowy: Droga Do Wolności Osobistej,Miguel Ruiz,Liczba ocen: 41,18.54,128.0,Polski,Galaktyka
371,Mozesz Uzdrowic Swoje Zycie,Louise L. Hay,Liczba ocen: 100,27.99,264.0,Polski,Medium
372,Kroniki Diuny T3 Dzieci Diuny,Herbert Frank,,53.51,536.0,Polski,Rebis
373,Kosiarze. Seria Żniwa Śmierci. Tom 1,Neal Shusterman,,42.47,512.0,Polski,Uroboros
375,"Red, White & Royal Blue",McQiuston Cassey,Liczba ocen: 161,20.08,476.0,Polski,Prószyński Media
376,Czuczu Dłuuugie Rysowanki Rysuję Szlaczki Nieco Trudniejsze,,Liczba ocen: 3,5.2,24.0,Polski,Bright Junior Media
377,Truskawka,Daniel Lezon,Liczba ocen: 1,22.05,39.0,Polski,
379,It Starts With Us,Hoover Colleen,Liczba ocen: 5,32.99,336.0,Polski,Otwarte
380,Niespokojni Ludzie,Backman Fredrik,Liczba ocen: 2,25.96,312.0,Polski,Marginesy
382,"Magia Tarota: Wszystko, Co Musisz Wiedzieć, Aby Zrobić Odczyt Z Dowolnej Talii",Moore Barbara,,24.32,224.0,Polski,Wydawnictwo Kobiece
384,Mroczna Arena,Mario Puzo,,28.59,336.0,Polski,Albatros
387,Déja Vu: Czy Wszystko Już Było?,Czeszkiewicz Aleksander,Liczba ocen: 1,26.78,386.0,Polski,Wydawnictwo Poligraf
390,Psychologia Tlumu,Le Bon,Liczba ocen: 2,9.93,95.0,Polski,Antyk Marek Derewiecki
391,Terry Pratchett: Życie Z Przypisami,Wilkins Rob,,19.99,510.0,Polski,Insignis Media
392,Warto Zyc: Rozmawia Michał Komar,Lejb Fogelman,Liczba ocen: 3,23.2,312.0,Polski,Czerwone i Czarne
394,Jedna Rzecz. Zaskakujący Mechanizm Wyd. 2022: Zaskakujący Mechanizm Niezwykłych Osiągnięć,Keller Gary,Liczba ocen: 7,29.53,240.0,Polski,Galaktyka
396,"Strategia Blekitnego Oceanu: Jak Stworzyć Niekwestionowaną Przestrzeń Rynkową I Sprawić, By Konkurencja Stała Się Nieistotna",W. Chan Kim,Liczba ocen: 2,45.91,352.0,Polski,MT Biznes
397,Kicia Kocia Jest Chora Wyd. 2022,Głowińska Anita,Liczba ocen: 5,6.11,24.0,Polski,Media Rodzina
399,Dziedzictwo Usherow,Robert McCammon,,43.14,552.0,Polski,Vesper
400,Nienawiść. Seria Twisted,Huang Ana,,30.37,528.0,Polski,Czwarta Strona
402,Diddly Squat. Rok Na Farmie,Jeremy Clarkson,Liczba ocen: 1,19.99,252.0,Polski,Insignis Media
403,Nikt Nie Odpisuje,Eun-jin Jang,,32.5,240.0,Polski,Tajfuny
405,Przędza. W Poszukiwaniu Wewnętrznej Wolności,de Barbaro Natalia,Liczba ocen: 8,26.88,272.0,Polski,Wydawnictwo Agora
406,Folwark Zwierzęcy Oprawa Twarda,Orwell George,Liczba ocen: 14,6.8100000000000005,,,SBM
407,Kwartalnik Artystyczny: Weź Sztukę Z Magazynu - Nr. 5 (2/2023),Agnieszka Troc,Liczba ocen: 1,39.9,48.0,Polski,
408,All Of Your Flaws. Przypomnij Mi Naszą Przeszłość,Łabęcka Marta,,28.21,456.0,Polski,beYA
410,Violet Robi Mostek Na Trawie,Lana Del Rey,Liczba ocen: 1,34.83,168.0,Polski,Wydawnictwo Sine Qua Non
411,Przeczytaj Mi Bajkę Król Artur I Miecz Z Kamienia,Claudio Cernuschi,Liczba ocen: 2,1.49,16.0,Polski,Olesiejuk
412,Ekstremalne Przywództwo. Elitarne Taktyki W.2022: Elitarne Taktyki Navy Seals W Zarządzaniu,Willink Jocko,Liczba ocen: 1,28.56,336.0,Polski,Wydawnictwo Sine Qua Non
413,Zaczynaj Od Dlaczego: Jak Wielcy Liderzy Inspirują Innych Do Działania,Sinek Simon,Liczba ocen: 5,30.0,248.0,Polski,onepress
414,Partnerstwo Bliskości: Jak Teoria Więzi Pomoże Ci Stworzyć Szczęśliwy Związek,Levine Amir,Liczba ocen: 10,26.28,328.0,Polski,Feeria
416,11 Papierowych Serc,Hartwell Kelsey,Liczba ocen: 1,22.76,288.0,Polski,Young
417,"4-Godzinny Tydzień Pracy Wyd. Roz., Dodr. 2020: Wersja Rozszerzona I Uzupełniona",Ferriss Timothy,Liczba ocen: 6,40.42,500.0,Polski,MT Biznes
419,Noce Zarazy,Pamuk Orhan,,53.93,800.0,Polski,Wydawnictwo Literackie
420,Wladcy Polski: Historia Na Nowo Opowiedziana,Miroslaw Maciorowski,Liczba ocen: 8,57.42,1264.0,Polski,Agora
421,Angielski 365 Na Kazdy Dzien,Maria Lekszycka,Liczba ocen: 9,32.7,352.0,Polski,Preston Publishing
422,Trylogia Winnych T.3 Nasza Wina,Ron Mercedes,Liczba ocen: 1,24.95,560.0,Polski,Harde Wydawnictwo
424,Zbuduj Swój Drugi Mózg,Forte Tiago,Liczba ocen: 1,30.61,336.0,Polski,Mando
427,Kicia Kocia Ma Braciszka Nunusia Wyd. 2022,Głowińska Anita,Liczba ocen: 2,6.15,24.0,Polski,Media Rodzina
428,"Regula 5 Sekund: Masz Wszystko, Czego Potrzebujesz, Aby Odmienić Swoje Życie",Mel Robbins,Liczba ocen: 34,25.8,256.0,Polski,Galaktyka
429,Dziesiąta Aleja,Mario Puzo,,28.36,352.0,Polski,Albatros
430,Cztery Tysiące Tygodni,Burkeman Oliver,Liczba ocen: 3,19.99,314.0,Polski,Insignis Media
431,Folwark Zwierzęcy Z Opracowaniem Oprawa Miękka,Orwell George,Liczba ocen: 2,5.89,,,SBM
432,Cat And Mouse Duet Tom 1 Hauting Adeline,Carlton H.D.,,32.38,597.0,Polski,Wydawnictwo NieZwykłe
434,Pozytywna Dyscyplina Wyd. 2020,Nelsen Jane,Liczba ocen: 16,32.99,408.0,Polski,CoJaNaTo
435,"Książka Dla Babci: Książka Do Uzupełniania, W Której Babcia Podzieli Się Z Wnukami Swoją Historią Życia, Wspomnieniami I Miłością | Prezent Dla Babci",Barbora Centik,Liczba ocen: 4,54.16,111.0,Polski,
436,"Pokonaj Depresje, Zanim Ona Pokona Ciebie",Robert L. Leahy,Liczba ocen: 1,46.88,320.0,Polski,Wydawnictwo Uniwersytetu Jagiellonskiego
437,Doktor Dolittle I Jego Zwierzeta,Hugh Lofting,Liczba ocen: 3,12.6,150.0,Polski,Siedmiorog
439,Becoming. Moja Historia,Michelle Obama,Liczba ocen: 67,28.71,500.0,Polski,Agora
441,"Przeklęte Przedmioty: Osobliwe, Ale Prawdziwe Historie O Najbardziej Niesławnych Obiektach Świata",Ocker J.W.,Liczba ocen: 1,22.79,320.0,Polski,Wydawnictwo Kobiece
442,Regulaminy I Inne Wewnatrzzakladowe Zrodla Prawa,,,,176.0,Polski,Wiedza i Praktyka
444,Praca Zdalna I Hybrydowa. Aspekty Organizacyjne I,Marciniak Jarosław,,92.5,180.0,Polski,Wolters Kluwer
445,Jak Się Uczymy?: Dlaczego Mózgi Uczą Się Lepiej Niż Komputery... Jak Dotąd,Dehaene Stanislas,,40.65,416.0,Polski,Copernicus Center Press
448,300+ Puzzli Sudoku: Poziom Zaawansowany.: Wyjątkowe Wyzwania Dla Pasjonatów.,Rafał Drzewi,,25.2,120.0,Polski,
449,"Zrób Projekt Typo: Projekty Typograficzne, Które Rozwiną Twoje Umiejętności Twórcze I Urozmaicą Portfolio",French Nigel,,69.35,280.0,Polski,d2d.pl
450,Magia Naturalna: Przewodnik Na Cztery Pory Roku,Agiles Dobromiła,,30.64,296.0,Polski,Wydawnictwo Kobiece
451,Koło Ratunkowe,Elisa Rocher,Liczba ocen: 1,21.39,342.0,Polski,Novae Res
452,Stranger Things. Po Drugiej Stronie,praca zbiorowa,,36.05,96.0,Polski,Dolnośląskie
453,Pucio. Zabawy Gestem I Dźwiękiem Wyd. 2022,Galewska-Kustra Marta,Liczba ocen: 2,15.44,28.0,Polski,Nasza Księgarnia
455,Jak Zmienić Złe Dni Na Lepsze. Pierwsza Pomoc,Smith Julie,Liczba ocen: 1,30.83,400.0,Polski,Feeria
456,Żubr Pompik. Odkrycia (2) Pory Roku,Tomasz Samojlik,Liczba ocen: 1,6.87,24.0,Polski,Media Rodzina
457,Sześć Łatwych Kawałków: Podstawy Fizyki Wyjaśnione Przez Jej Najbłyskotliwszego Nauczyciela,Richard P. Feynman,,33.83,304.0,Polski,Znak Literanova
458,Porozumienie Bez Przemocy Wyd. 2022: O Języku Życia,Rosenberg Marshall,Liczba ocen: 32,40.97,280.0,Polski,Czarna Owca
459,Literki Do Pisania 4-6 Lat,,,2.0,16.0,Polski,Literka
460,Omerta,Mario Puzo,,36.99,352.0,Polski,Albatros
461,Sycylijczyk,Mario Puzo,,30.67,448.0,Polski,Albatros
462,Królowa Niczego,Black Holly,Liczba ocen: 7,22.51,360.0,Polski,Jaguar
464,Stella Maris,McCarthy Cormac,,32.99,280.0,Polski,Wydawnictwo Literackie
465,Uzdrawiająca Moc Uważności: Nowy Poziom Istnienia,Kabat-Zinn Jon,,,312.0,Polski,Czarna Owca
467,Podhale. Wszystko Na Sprzedaż,Gurgul Aleksander,,24.5,224.0,Polski,Czarne
468,Zbieracz Burz Tom 2,Maja Lidia Kossakowska,,27.98,416.0,Polski,Fabryka Slow
469,Mao Cesarstwo Cierpienia,Faerovik Torbjorn,,,608.0,Polski,Proszynski Media
471,Tajne Państwo. Opowieść O Polskim Podziemiu,Jan Karski,,45.02,544.0,Polski,Znak Horyzont
472,"Uważność Dla Wszystkich: Mądrość, Która Może Zmienić Świat",Kabat-Zinn Jon,Liczba ocen: 1,21.4,224.0,Polski,Czarna Owca
473,Test Marshmallow: O Pożytkach Płynących Z Samokontroli,Walter Mischel,Liczba ocen: 1,28.79,320.0,Polski,Smak Slowa
476,Pod Kopula,Stephen King,Liczba ocen: 1,49.0,928.0,Polski,Proszynski Media
477,Zemsta Tw,Nesbo Jo,Liczba ocen: 1,29.28,416.0,Polski,Dolnośląskie
479,Bóg Ukryty. W Poszukiwaniu Ostatecznego... W. 2022: W Poszukiwaniu Ostatecznego Sensu,Frankl Viktor E.,,24.8,240.0,Polski,Czarna Owca
481,Kicia Kocia I Nunuś. Kochamy!,Anita Głowińska,Liczba ocen: 1,14.9,14.0,Polski,Media Rodzina
482,Nigdy Nie Jest Za Pozno Na Nowy Poczatek,Julia Cameron,Liczba ocen: 16,29.32,272.0,Polski,Szafa
483,"Angielski W Marketingu, Promocji I Reklamie: Insights Into Marketing Vocabulary Learn, Manage, And Create",Dietrich Malwina,,37.38,234.0,Polski,Poltext
484,Pettson I Findus. Poznaj Pettsona I Findusa,Sven Nordqvist,Liczba ocen: 3,6.99,14.0,Polski,Media Rodzina
488,Obudź Się: Jak Praktykować Uważność W Codziennym Życiu,Kabat-Zinn Jon,Liczba ocen: 1,,180.0,Polski,Czarna Owca
489,Diuna,Anderson Kevin J.,,39.11,112.0,Polski,Non Stop Comics
490,Noblista Z Nowolipek Jozefa Rotblata Wojna O Pokoj,Marek Gorlikowski,Liczba ocen: 1,44.9,480.0,Polski,Znak
491,Volkswagen Golf Vii Golf Vii Variant Od Xi 2012,H. R. Etzold,,63.93,416.0,Polski,Wydawnictwa Komunikacji i Lacznosci WKL
492,Czarodzieje I Ich Dzieje. Tom 3,"Stefano Ambrosio Matteo Venerus, Maria Muzzolini",,61.11,400.0,Polski,Egmont
493,Drugie Spojrzenie Na Planete Ksi,Marcin Kowalczyk,,22.99,392.0,Polski,SuperNowa
494,Diuna. Książę Kaladanu,Herbert Brian,,36.05,440.0,Polski,Rebis
495,Moje Opowieści. Disney Pixar Auta,"Barbara Bazaldua Małgorzata Fabianowska (tłum.), Lisa Marsoli, Suzanne Francis",,25.36,190.0,Polski,Olesiejuk
497,Nauka Arabskiego - Szybko / Prosto / Skutecznie: 2000 Kluczowych Haseł: 2000 Kluczowych Hasel,Pinhok Languages,,59.99,86.0,Polski,
498,Przebudzenie,Anthony De Mello,Liczba ocen: 26,,264.0,Polski,Zysk i S-ka
499,Kolorowanka Smoki: Kolorowanka Dla Starszych Dzieci I Dorosłych. Dragons,Monika Kremis,,16.8,97.0,Polski,
500,Saga Wiejska Tom 3 Zielone Pastwiska,Bulicz-Kasprzak Kasia,,25.0,560.0,Polski,Prószyński Media
501,Saga Wiejska Tom 1 Skrawek Pola,Bulicz-Kasprzak Kasia,,,448.0,Polski,Prószyński Media
503,Cymanowski Chłód,Magdalena Witkiewicz Stefan Darda,Liczba ocen: 4,39.18,352.0,Polski,Filia
504,Bieszczadzkie Demony Tom 1 Licho Nie Śpi,Szelest Emilia,,21.95,280.0,Polski,Niegrzeczne Książki
505,Choreografia: Polityczność,Marta Keil,,,270.0,Polski,Instytut Teatralny
506,"My, Dzieci Z Dworca Zoo",F. Christiane,Liczba ocen: 36,,2.0,Polski,Qes Agency
507,Zwinnie Do Przodu Poradnik Kierownika: Poradnik Kierownika Projektów Informatycznych,Wróblewski Piotr,,,376.0,Polski,Helion
508,Dziewczyny Z Portofino,Grazyna Plebanek,,34.9,352.0,Polski,Znak
511,"Myśl I Bogać Się. Wersja Oryginalna, Odświeżona I Zaktualizowana",Napoleon Hill Ross Cornwell (Editor),Liczba ocen: 21,36.98,528.0,Polski,OnePress
512,Leksykon Zamków W Polsce,Opracowanie zbiorowe,,114.99,592.0,Polski,Arkady
514,Mesjasz Diuny. Cykl Kroniki Diuny. Tom 2,Frank Herbert,Liczba ocen: 1,39.1,272.0,Polski,Rebis
516,Cytryna,Motojiro Kajii,,17.98,96.0,Polski,Tajfuny
517,Legendy I Latte: Opowieść Heroiczna O Sprawach Przyziemnych,Travis Baldree,Liczba ocen: 1,19.99,330.0,Polski,Insignis Media
518,Psi Patrol Wszystko O Podróżach Piesków,Opracowanie zbiorowe,Liczba ocen: 2,13.49,18.0,Polski,Media Service Zawada
519,"Mój Planer, W Tym Roku Z Planem: Bullet Journal, Kalendarz Dla Uczniów Klas 5 I 6 W Edukacji Domowej Rok Szkolny 2023/2024",Maja Gatlik,Liczba ocen: 2,37.79,140.0,Polski,
520,It Ends With Us,Hoover Colleen,Liczba ocen: 2,33.63,368.0,Polski,Otwarte
521,Wyczarowanie Światła,V.E. Schwab,,40.99,696.0,Polski,Zysk i S-ka
522,Lato Tom 3 Dla Nas Zawsze Będzie Lato,Han Jenny,,23.45,304.0,Polski,Young
523,Niesamowite Przygody Dziesięciu Skarpetek W. 2022,Bednarek Justyna,,27.98,160.0,Polski,Poradnia K
525,Limes Inferior,Janusz A. Zajdel,Liczba ocen: 10,23.99,288.0,Polski,SuperNowa
526,Mapy Sensu. Architektura Przekonań,Peterson Jordan B.,Liczba ocen: 15,67.7,694.0,Polski,Freedom Publishing
527,Kicia Kocia W Mieście. Ruch Uliczny Wyd. 2022,Głowińska Anita,Liczba ocen: 2,7.06,24.0,Polski,Media Rodzina
529,"Szef Wymagający I Wyrozumiały: Jak Skutecznie Zarządzać, Nie Tracąc Ludzkiego Oblicza",Scott Kim,Liczba ocen: 5,36.54,360.0,Polski,MT Biznes
532,Gdzie Śpiewają Raki,Owens Delia,Liczba ocen: 36,28.7,416.0,Polski,Świat Książki
535,Start A Fire. Runda Druga,"P.S. Herytiera ""pizgacz""",Liczba ocen: 3,30.45,720.0,Polski,"Editio, Helion"
537,Literki Nauka Pisania 5-6 Lat,,Liczba ocen: 1,2.0,16.0,Polski,Literka
539,Polacy Last Minute. Sekrety Pilotów Wycieczek,Justyna Dżbik-Kluge,,18.98,304.0,Polski,W.A.B.
540,Władca Soli I Kości,Lake Keri,,30.73,552.0,Polski,Niegrzeczne Książki
542,Krwawy Księżyc Mk,Nesbo Jo,,29.71,448.0,Polski,Dolnośląskie
543,Zjedz Te Zabe / Zjedz Te Zabe Workbook: Pakiet,Brian Tracy,Liczba ocen: 13,31.92,232.0,Polski,MT Biznes
544,Endymion: Artefakty,Dan Simmons,Liczba ocen: 555,32.06,688.0,Polski,Mag
545,Kult,Lackberg Camilla,Liczba ocen: 1,35.56,696.0,Polski,Czarna Owca
546,Cyfrowy Minimalizm: Jak Zachować Skupienie W Hałaśliwym Świecie,Newport Cal,Liczba ocen: 2,31.5,336.0,Polski,Studio Emka
548,1984 Twarda,Orwell George,Liczba ocen: 96,16.99,,,
549,W Trybach Chaosu. Jak Media Społecznościowe Przepr: Jak Media Społecznościowe Przeprogramowały Nasze Umysły I Nasz Świat,Fisher Max,,40.59,496.0,Polski,Szczeliny
550,Otoczeni Przez Idiotów Wyd. 2022,Erikson Thomas,Liczba ocen: 5,25.95,288.0,Polski,Wielka Litera
551,"Nie To Miejsce, Nie Ten Czas",Gillian McAllister,,34.49,384.0,Polski,Znak
552,Ikigai: Japoński Sekret Długiego I Szczęśliwego Życia,Miralles Francesc,Liczba ocen: 1,25.52,224.0,Polski,Muza SA
553,Czuczu Dłuuugie Rysowanki Rysuję Szlaczki Łatwe,,Liczba ocen: 2,5.88,24.0,Polski,Bright Junior Media
554,Kicia Kocia Nie Może Zasnąć Wyd. 2022,Głowińska Anita,Liczba ocen: 4,6.34,24.0,Polski,Media Rodzina
555,Kitty Kotty In The Playground,Głowińska Anita,,6.09,24.0,Polski,Media Rodzina
556,Lekcje Chemii,Garmus Bonnie,Liczba ocen: 2,30.44,464.0,Polski,Marginesy
557,Droga Donikąd Tom 1 Ksiega Bezimiennej Akuszerki,Elison Meg,,,344.0,Polski,Rebis
558,Czysty Kod. Podręcznik Dobrego Programisty Wyd. 2,Robert C. Martin,,51.43,424.0,Polski,Helion
561,Kicia Kocia I Nunuś. Kto Mieszka W Zagrodzie?,Głowińska Anita,Liczba ocen: 5,27.61,14.0,Polski,Media Rodzina
562,Czwarta Rewolucja Przemyslowa,Klaus Schwab,Liczba ocen: 36,26.44,216.0,Polski,Studio Emka
563,Krótkie Opowiadania W Języku Portugalski: Krótkie Opowiadania W Języku Portugalski Dla Początkujących I Średnio Zaawansowanych,Francisco Gomes,,61.95,159.0,Polski,
566,Za Granicą,Chmielarz Wojciech,,23.45,368.0,Polski,Marginesy
568,Anupaja. Po Drugiej Stronie Lustra Niedualizmu.,Waldemar Lis,,52.5,89.0,Polski,
569,Wyczaruj Kotki Malowanka Wodna,,Liczba ocen: 7,3.67,8.0,Polski,Skrzat
570,Warcholstwo. Prawdziwa Historia Polskiej Szlachty,Kamil Janicki,,33.75,384.0,Polski,Wydawnictwo Poznańskie
571,Zly Krol,Black Holly,Liczba ocen: 3,24.63,392.0,Polski,Jaguar
572,"Oczyszczanie Energetyczne: Jak Pracować Z Energią, Aby Zmienić Życie Na Lepsze",Barbara Moore,Liczba ocen: 13,20.87,288.0,Polski,Illuminatio
573,Triumf Endymiona Tom 4 Cykl Hyperion,Dan Simmons,Liczba ocen: 5,32.02,784.0,Polski,Mag
575,Kicia Kocia I Nunuś. Pora Spać! Wyd. 2022,Głowińska Anita,Liczba ocen: 4,9.25,14.0,Polski,Media Rodzina
576,Baśnie,Hans Christian Andersen,,42.99,352.0,Polski,Media Rodzina
577,Kroniki Diuny Tom 5 Heretycy Diuny Wyd. 2023,Herbert Frank,,56.07,568.0,Polski,Rebis
578,Pieśni Ludzi Morza: 20 Morskich Opowieści O Pieśniach Żeglarskich I Szantach,Rafał Klepacz,Liczba ocen: 4,44.8,176.0,Polski,
579,Obcy,Albert Camus,Liczba ocen: 2,20.92,168.0,Polski,Państwowy Instytut Wydawniczy
580,"Zachowuj Się. Jak Biologia Wydobywa Z Nas To: Jak Biologia Wydobywa Z Nas To, Co Najgorsze, I To, Co Najlepsze",Sapolsky Robert M.,Liczba ocen: 1,54.29,1008.0,Polski,Media Rodzina
581,33 Strategie Wojny: Jak Pokonać Rywali I Odnieść Sukces,Greene Robert,,30.0,208.0,Polski,Czarna Owca
582,Brzechwa Dzieciom W.2022,Brzechwa Jan,Liczba ocen: 98,19.31,144.0,Polski,Greg
583,"Ceo Doskonały. Sześć Sposobów Myślenia, Które Wyró: Sześć Sposobów Myślenia, Które Wyróżniają Najlepszych Liderów",Czegledy-Dewar Carolyn,,32.0,400.0,Polski,Znak Literanova
586,Ból,Shalev Zeruya,,43.5,448.0,Polski,W.A.B.
587,Rozmyślania Wyd. 2023,Marek Aureliusz,,11.73,106.0,Polski,Marek Derewiecki
588,Kod Ciała: Odblokuj Naturalną Zdolność Organizmu Do Samouzdrawiania,Nelson Bradley,Liczba ocen: 1,52.32,480.0,Polski,Galaktyka
589,Mądre Bajki Twarda - Mały Format,Antosiewicz Agnieszka,Liczba ocen: 40,13.98,64.0,Polski,Greg
590,Kobieta Świadoma,Michał Pozdał,,25.18,256.0,Polski,Świat Książki
591,Mój Kumpel Jest Dziewczyną,Ancerowicz Weronika,,28.4,374.0,Polski,Wydawnictwo NieZwykłe
592,Pysznie Czy Przepysznie,Monika Molecka,,60.47,352.0,Polski,Znak Horyzont
593,Batman. Epidemia,"Alan Grant Dennis O’Neil, Doug Moench",,132.53,552.0,Polski,Egmont
594,Wyczaruj Modelki Malowanki Wodne,praca zbiorowa,,2.65,8.0,Polski,Skrzat
595,Fight Club (Podziemny Krąg),Chuck Palahniuk,,28.38,248.0,Polski,Niebieska Studnia
596,Manifest Antykomunistyczny Wyd. 2022,Łukasz Winiarski Razprozak ind,Liczba ocen: 2,44.6,434.0,Polski,3S Media Sp. z o.o.
597,Nieoficjalna Książka Kucharska Harry'Ego Pottera: Od Kociołkowych Piegusków Do Ambrozji,Bucholz Dinah,Liczba ocen: 1,35.99,400.0,Polski,Znak Literanova
598,Poznaję Świat. Dźwięki,Opracowanie zbiorowe,Liczba ocen: 2,3.77,10.0,Polski,Wilga
600,Cud Terapii Gersona. Sprawdzony Program Żywieniowy Leczenia Raka I Innych Chorób,Charlotte Gerson Morton Walker,Liczba ocen: 37,31.06,484.0,Polski,Wydawnictwo Kobiece
601,Bestiariusz Słowiański. Część Pierwsza I Druga,Zych Paweł,,60.19,440.0,Polski,Wydawnictwo BOSZ
602,Duma I Uprzedzenie,Jane Austen,Liczba ocen: 27,12.33,,,Proszynski Media
603,"Trylogia Ciagu: Neuromancer, Graf Zero, Mona Liza Turbo",William Gibson,Liczba ocen: 9,38.57,784.0,Polski,Mag
604,Pediatria Nelsona Leczenie Zakazen,John S. Bradley,,84.31,226.0,Polski,PZWL
605,Śpiący Przebudzony,Wells Herbert George,Liczba ocen: 1,17.72,332.0,Polski,Vesper
606,Żona Nazisty,Trojanowska Sylwia,,26.19,320.0,Polski,Marginesy
607,Zbrodnia Na Festynie Wyd. 2022,Christie Agatha,,18.66,224.0,Polski,Dolnośląskie
609,Matka Niedostępna Emocjonalnie: Jak Rozpoznać I Wyleczyć Niewidzialne Skutki Zaniedbania W Dzieciństwie,Jasmin Lee Cori,Liczba ocen: 5,26.18,250.0,Polski,Zwierciadło
610,Sztuka Rysowania W Kolorze: Odkryj W Sobie Artystę I Rowijaj Talent,praca zbiorowa,,47.24,224.0,Polski,Publicat S.A.
613,Kolorowanka Unicorn: Kolorowanka Dla Dzieci W Wieku Od 7 Lat. Słodkie Kucyki I Jednorożce.,Monika Kremis,,17.32,101.0,Polski,
616,Maladie I Inne Opowiadania,Andrzej Sapkowski,Liczba ocen: 7,23.69,356.0,Polski,SuperNowa
617,Domowa Kuchnia Japońska,Murota Maori,,45.02,264.0,Polski,Znak Koncept
618,"Autonomiczna Energia Słoneczna - Zrób To Sam System Fotowoltaiczny: Jak Zaprojektować I Zainstalować Własny System Fotowoltaiczny Poza Siecią Dla ... Kamperów, Przyczep Kempingowych I Łodzi",Volodymyr Vasyliv,Liczba ocen: 1,49.95,164.0,Polski,
621,Alkohol I Muzy. Polscy Artyści I Ich Ulubione: Polscy Artyści I Ich Ulubione Trunki,Koper Sławomir,,28.91,336.0,Polski,Fronda
623,Super Mario Bros,Michael Moccio,,15.98,32.0,Polski,Olesiejuk
624,Heroidy. Listy Mitycznych Kochanków,Owidiusz,,40.5,436.0,Polski,Universitas
625,Dramat Udanego Dziecka: W Poszukiwaniu Siebie,Alice Miller,Liczba ocen: 5,13.62,108.0,Polski,Media Rodzina
626,Ukryty Język Symboli,Majewski Lech,Liczba ocen: 1,14.49,280.0,Polski,Rebis
627,Rosja Bolszewików,Pipes Richard,,54.0,596.0,Polski,Bellona
628,Seryjni Mordercy,Kaminsky Michelle,Liczba ocen: 1,35.52,368.0,Polski,Muza SA
629,Star Wars Skywalker Odrodzenie: Opowieść Filmowa,Carson Rae,,23.73,336.0,Polski,Olesiejuk
630,Mały Przewodnik Po Świecie Bridgertonów: Cała Prawda O Czasach Regencji,Browne Charlotte,,,192.0,Polski,Zysk i S-ka
631,W Domu Snów,Carmen Maria Machcado,,24.49,360.0,Polski,Wydawnictwo Agora
633,Notes A5 Z Gumka Romantyzm Linia Granatowy,,,23.8,160.0,Polski,ANTRA
634,"Psychodietetyka, Czyli Jak Wyjść Z Błędnego Koła..",Karolina Gruszecka,Liczba ocen: 4,,224.0,Polski,Sensus
636,Włącz Światło! Nie Daj Się Ciemności,ks. Piotr Pawlukiewicz,,32.87,288.0,Polski,Znak
638,O Miłości,Pawlukiewicz Piotr,Liczba ocen: 8,,256.0,Polski,ZNAK
640,Burn The Hell. Runda Czwarta,"P.S. Herytiera ""pizgacz""",,29.04,688.0,Polski,beYA
643,Interwencja Logopedyczna: Zagadnienia Ogólne I Praktyka,Przybysz-Piwko Maria Porayski-Pomsta Józef,,,308.0,Polski,Elipsa Dom Wydawniczy
645,Przewodnik Po Zbrodni Według Grzecznej Dziewczynki,Jackson Holly,,31.79,448.0,Polski,BOOKS4YA
646,"Zero To One: Notatki O Start-Upach, Czyli Jak Budować Przyszłość",Peter Thiel,Liczba ocen: 14,33.72,220.0,Polski,MT Biznes
647,Arystoteles I Dante Odkrywają Sekrety Wszechświata,Saenz Benjamin Alire,Liczba ocen: 6,33.98,384.0,Polski,We need YA
649,"Miej Wyje**Ne, Będzie Ci Dane. O Trudnej Wyd. 2",Czyż Katarzyna,Liczba ocen: 7,30.88,224.0,Polski,"One Press, Helion"
650,Langer,Mróz Remigiusz,Liczba ocen: 4,30.36,498.0,Polski,Czwarta Strona
651,Roztrzaskane Lustro: Upadek Cywilizacji Zachodniej,Wojciech Roszkowski,Liczba ocen: 6,54.15,560.0,Polski,Bialy Kruk
652,"Dzień Dobry, Kotku! Akademia Mądrego Dziecka. Pierwsze Bajeczki",Nathalie Choux,Liczba ocen: 3,23.51,10.0,Polski,Harper Collins Polska / HarperKids
653,Wprowadzenie Do Raspberry Pi,Matt Richardson,,22.89,206.0,Polski,Promise
654,Maluszkowe Malowanie. Jednorożce,Opracowanie zbiorowe,Liczba ocen: 69,1.46,16.0,Polski,Skrzat
655,Buszujący W Zbożu,J.D. Salinger,,26.31,,,
656,Arystoteles I Dante Przepadają W Toni Życia. Tom 2,Saenz Benjamin Alire,Liczba ocen: 1,28.25,512.0,Polski,We need YA
657,Słowa Mądrości Tom 5: Nauki Swamiego Premanandy,Swami Premananda,Liczba ocen: 1,42.0,259.0,Polski,
658,Daisy Jones & The Six,Reid Jenkins Taylor,Liczba ocen: 18,25.99,424.0,Polski,Czwarta Strona
659,Ostatnie Krolestwo: Wojny Wikingów Tom 1,Bernard Cornwell,Liczba ocen: 2,54.9,488.0,Polski,Otwarte
660,Czysty Agile Powrót Do Podstaw,Martin Robert C.,,28.79,184.0,Polski,Helion
661,Mój Planer. W Tym Roku Z Planem :) Kalendarz Dla Uczniów Klas 7 I 8 W Edukacji Domowej.: Rok Szkolny 2023/2024,Maja Gatlik,,37.79,140.0,Polski,
662,Moje Pierwsze Literki,Zabrzeska Zofia,Liczba ocen: 2,1.83,16.0,Polski,Skrzat
664,Medytacja,Swami Premananda,Liczba ocen: 1,31.5,136.0,Polski,
667,Prawa Ludzkiej Natury,Robert Greene,Liczba ocen: 1,49.98,568.0,Polski,Sensus
668,Się Żyje. Kora. Biografia,Kubisiowska Katarzyna,Liczba ocen: 2,47.03,480.0,Polski,Znak
669,7 Nawyków Skutecznego Działania Wyd. 2022,Stephen R. Covey,Liczba ocen: 2,30.31,384.0,Polski,Rebis
670,Kicia Kocia Na Plenerze Wyd. 2022,Głowińska Anita,Liczba ocen: 5,6.05,24.0,Polski,Media Rodzina
671,"Pucio Zostaje Kucharzem, Czyli O Radości Z...: Czyli O Radości Z Jedzenia",Galewska-Kustra Marta,Liczba ocen: 91,15.31,28.0,Polski,Nasza Księgarnia
672,Babel,Rebecca F. Kuang,Liczba ocen: 1,61.99,768.0,Polski,Fabryka Słów
675,Kroniki Diuny Tom 5 Heretycy Diuny Wyd. 2023,Herbert Frank,,56.07,568.0,Polski,Rebis
676,"Ptak Dodo, Czyli Co Mówią Do Nas Politycy",Michał Rusinek,,38.59,320.0,Polski,Znak
678,Dlaczego Zebry Nie Mają Wrzodów? Dodruk 2020: Psychofizjologia Stresu,Robert M. Sapolsky,Liczba ocen: 11,78.99,448.0,Polski,Wydawnictwo Naukowe PWN
683,Kicia Kocia W Afryce,Anita Głowińska,Liczba ocen: 3,7.37,24.0,Polski,Media Rodzina
684,Papcio Chmiel Udomowiony,Chmielewska-Lehman Monique,,26.6,304.0,Polski,Prószyński Media
685,Ryby,Broder Melissa,Liczba ocen: 1,28.77,392.0,Polski,Czarne
686,Jak Powstała Bomba Atomowa,Rhodes Richard,,52.09,896.0,Polski,Marginesy
688,Metro 2033,Glukhovsky Dmitry,,19.99,592.0,Polski,Insignis Media
689,"Przyjaciele, Kochankowie I Ta Wielka Straszna Rzecz",Matthew Perry,Liczba ocen: 2,41.14,304.0,Polski,W.A.B.
690,Idiota,Dostojewski Fiodor,Liczba ocen: 3,27.39,448.0,Polski,vis-a-vis Etiuda
692,O Wolności Ludzkiej Woli,Schopenhauer Arthur,,7.77,176.0,Polski,Vis-a-vis / Etiuda
695,"Metoda Lean Startup. Wykorzystaj Innowacyjne: Wykorzystaj Innowacyjne Narzędzia I Stwórz Firmę, Która Zdobędzie Rynek",Ries Eric,Liczba ocen: 2,37.51,248.0,Polski,OnePress
697,Ulisses,James Joyce,Liczba ocen: 5,42.83,,,
698,"Krew, Pot I Piksele: Chwalebne I Niepokojące Opowieści O Tym, Jak Robi Się Gry",Jason Schreier,Liczba ocen: 5,27.43,368.0,Polski,Sine Qua Non
699,Dziedzice Ziemi,Ildefonso Falcones,Liczba ocen: 1,,880.0,Polski,Albatros
701,Perły Ramadanu,Ajsza S.,,42.0,123.0,Polski,
703,O Granicach. Kompetentne Relacje Z Dzieckiem,Jesper Juul,Liczba ocen: 3,26.7,104.0,Polski,MiND
705,Hydrozagadka: Kto Zabiera Polską Wodę I Jak Ją Odzyskać,Mencwel Jan,,26.32,352.0,Polski,Wydawnictwo Krytyki Polityczne
706,Heaven,Kawakami Mieko,,27.1,264.0,Polski,Mova
707,Katedra,Hopkins Ben,,36.54,592.0,Polski,Rebis
708,Duma I Podejrzenie,Price Tirzah,,14.99,384.0,Polski,Słowne (dawniej Burda Książki)
710,Tech Krytyka Rozwoju Srodowiska Technologicznego,Jan Bialek,Liczba ocen: 56,37.84,168.0,Polski,GARDA
712,Klinika Doktora Marcha,Zuzanna Patkowska,,31.5,208.0,Polski,
713,Droga Artysty. Jak Wyzwolić W Sobie Twórcę,Julia Cmeron,Liczba ocen: 2,29.87,244.0,Polski,Wydawnictwo Szafa
715,Jednorożec Małgosi,May Smith Briony,,31.4,40.0,Polski,Levyz Books
716,Lux Perpetua Trylogia Husycka Tom 3,Sapkowski Andrzej,,31.37,608.0,Polski,superNOWA
717,O Błędach Trójcy Ksiąg Siedmioro: De Trinitatis Erroribus,Zenon Dębny,,69.3,346.0,Polski,
719,Mechaniczna Pomarańcza Wyd. 8,Burgess Anthony,Liczba ocen: 4,11.89,256.0,Polski,vis-a-vis Etiuda
720,"Wielka Czworka. Ukryte Dna: Amazon, Apple, Facebook I Google",Scott Galloway,Liczba ocen: 1,24.49,368.0,Polski,Rebis
721,"„A Co Ciebie Obchodzi, Co Myślą Inni?” Dalsze Przypadki Ciekawego Człowieka",Richard P. Feynman,,32.99,336.0,Polski,Znak Literanova
722,Barbarzyńcy Z Lodowej Planety,Dixon Ruby,,26.5,408.0,Polski,Prószyński Media
723,Star Wars Wielka Republika Horyzont Północy,Daniel Jose Older,,31.91,526.0,Polski,Olesiejuk
724,Rachunkowość: Czyli Podstawowy Kurs Biznesu,Lesław Niemczyk,,59.9,352.0,Polski,
726,Bohater O Tysiacu Twarzy,Joseph Campbell,Liczba ocen: 1,47.99,408.0,Polski,Nomos
728,"Dobranoc, Mała Pando! Akademia Mądrego Dziecka. Pierwsze Bajeczki",Nathalie Choux,,18.17,10.0,Polski,Harper Collins Polska / HarperKids
729,Bracia Karamazow,Fiodor Dostojewski,Liczba ocen: 17,28.99,556.0,Polski,MG
730,Poezja Sybiru,Wacław Kwieciński,,20.0,30.0,Polski,
732,Ziemniak. Wyznanie Miłości,Ina-Janine Johnsen,,35.12,280.0,Polski,Wielka Litera
733,Pan Lodowego Ogrodu Księga 1,Jarosław Grzędowicz,,44.71,540.0,Polski,Fabryka Słów
734,"Potega Irracjonalnosci: Ukryte Siły, Które Wpływają Na Nasze Decyzje",Dan Ariely,,35.51,308.0,Polski,Smak Slowa
735,Kicia Kocia W Lesie. Kolorowanka,Anita Głowińska,Liczba ocen: 1,7.07,24.0,Polski,Media Rodzina
736,Mały Książę: (Z Ilustracjami Autora Z 1942 Roku),Saint-Exupéry,Liczba ocen: 28,12.67,84.0,Polski,Greg
738,Rymowanki Maluszka. Mam Chusteczkę Haftowaną,Opracowanie zbiorowe,,3.39,8.0,Polski,Wilga
739,Kocia Szajka I Zagadka Zniknięcia Śledzi Wyd. 2022,Romaniuk Agata,,28.71,128.0,Polski,Wydawnictwo Agora
741,Mam Tak Samo Jak Ty,Masłowska Dorota,,39.99,224.0,Polski,Wydawnictwo Literackie
742,Flo. Jak Zapanować Nad Hormonami...: Jak Zapanować Nad Hormonami I Przeciągnąć Je Na Swoją Stronę,Vitti Alisa,,28.45,432.0,Polski,Wydawnictwo Kobiece
745,Mój Rok Relaksu I Odpoczynku,Ottessa Moshfegh,Liczba ocen: 1,23.97,272.0,Polski,Pauza
746,Buszujący W Zbożu Wyd. 2022: Wydanie Jubileuszowe,Salinger Jerome,,26.33,,,
748,Podróże Jelenia. Żubr Pompik. Wyprawy. Część 21,Tomasz Samojlik,Liczba ocen: 1,5.93,24.0,Polski,Media Rodzina
750,Pańszczyzna Prawdziwa Historia,Janicki Kamil,Liczba ocen: 6,28.45,384.0,Polski,Wydawnictwo Poznańskie
751,Polska Wielka Księga Historii,praca zbiorowa,,,912.0,Polski,Olesiejuk Sp. z o.o.
752,Kicia Kocia Gotuje Wyd. 2022,Głowińska Anita,Liczba ocen: 1,6.05,24.0,Polski,Media Rodzina
753,Dzień Nastania Nocy Część 1,Shannon Samantha,,31.99,640.0,Polski,Wydawnictwo Sine Qua Non
754,Heart Bones. Nagie Serca,Colleen Hoover,,34.39,336.0,Polski,Otwarte
755,Nic Tylko Pył,Shaun David Hutchinson,,34.97,400.0,Polski,OdyseYA
756,The Inheritance Games T2 Dziedzictwo Hawthorne'Ów,Barnes Jennifer-Lyyn,,27.5,568.0,Polski,Must Read
757,"Piecyk, Czapeczka I Budyń Wyd. 2021",Onichimowska Anna,,27.79,44.0,Polski,Ezop
758,Pandemia,Robin Cook,Liczba ocen: 6,39.9,464.0,Polski,Rebis
759,Pierwszaki Z Kosmosu - Zielona Szkoła,Witek Rafał,,26.44,92.0,Polski,Bis
760,Podróż Cilki Miękka,Morris Heather,Liczba ocen: 49,22.99,400.0,Polski,Marginesy
761,Krolewskie Sny,Jozef Hen,Liczba ocen: 1,24.69,424.0,Polski,Sonia Draga
763,Dubaj. Miasto Innych Ludzi,Dudzińska Anna,Liczba ocen: 1,31.99,400.0,Polski,Marginesy
766,Dubaj. Miasto Innych Ludzi,Dudzińska Anna,Liczba ocen: 1,31.99,400.0,Polski,Marginesy
768,Mikrobiologia Lekarska,"Pietrzyk Agata Heczko Piotr B., Wróblewska Marta",,205.59,798.0,Polski,PZWL
770,Blask Księżyca,Natsuki Mamiya,Liczba ocen: 2,24.9,216.0,Polski,Kotori
771,Kosmiczne Rozterki,Neil deGrasse Tyson,Liczba ocen: 4,26.99,352.0,Polski,Insignis Media
772,Kicia Kocia I Nunuś. W Kuchni,Głowińska Anita,,14.33,14.0,Polski,Media Rodzina
774,Nowotwory W Otorynolaryngologii,Szyfter Witold,,,504.0,Polski,Termedia
775,"Rzeczy, Których Nie Wyrzuciłem Wyd. 2022",Wicha Marcin,,27.09,184.0,Polski,Karakter
776,Polowanie Na Wiedźmy Kronika Kobiet: Kronika Kobiet Niepodporządkowanych,Sollee Kristen J.,,17.59,288.0,Polski,Znak Koncept
777,Wojownicy Nowa Przepowiednia. Zachód Słońca,Hunter Erin,,31.89,350.0,Polski,Wydawnictwo Nowa Baśń
778,Wojownicy. Superedycja Tajemnica Żółtego Kła,Hunter Erin,,33.69,560.0,Polski,Wydawnictwo Nowa Baśń
779,Logika: Krótkie Wprowadzenie 36,Priest Graham,,30.99,174.0,Polski,Wydawnictwo Uniwersytetu Łódzkiego
781,Koci Domek Gabi. Witajcie W Magicznym Domku Gabi! Kocio-Powiadanko,Gabhi Martins,,28.67,32.0,Polski,Trefl Books
783,Ciemna Strona: Mud Vein,Tarryn Fisher,,,320.0,Polski,Sine Qua Non
784,Pająk. Akademia Mądrego Dziecka. Pokochaj Naturę,Campbell Books,Liczba ocen: 1,16.19,12.0,Polski,Harper Collins Polska / HarperKids
786,Trylogia Pogranicza. Sodoma I Gomora: 3,McCarthy Cormac,,40.43,440.0,Polski,Wydawnictwo Literackie
787,Błysk! Potęga Przeczucia,Malcolm Gladwell,Liczba ocen: 4,34.73,272.0,Polski,Znak
789,Leksykologia Ogólna: Monografia,Alexei Kretov,,257.41,108.0,Polski,
790,200 Rad Dla Skiperow,Tom Cunlife,,39.9,112.0,Polski,Nautica
791,"Geekerella: Kopciuszek, Który Był Geekiem",Poston Ashley,Liczba ocen: 2,21.99,408.0,Polski,We need YA
792,Eliksir Zwany Miłością Dodruk 2022,Ramtha,,43.65,2016.0,Polski,Stapis
794,Pismo Święte Starego I Nowego Testamentu Małe,praca zbiorowa,Liczba ocen: 7,93.94,2784.0,Polski,Edycja Świętego Pawła
797,Pamiętniki Generała Prądzyńskiego T. I-Iv,Gembarzewski Bronisław,,142.89,1476.0,Polski,Miles
798,Podboje Boya: Tadeusz Żeleński Kobieciarz Czy Feminista?,Jaroslaw Molenda,Liczba ocen: 1,,360.0,Polski,Bellona
799,Bajki Dla Chłopców,Białek Małgorzata,Liczba ocen: 6,10.14,64.0,Polski,Greg
800,Friends Przyjaciele Na Zawsze: Ten O Najlepszych Odcinkach,Susman Gary,Liczba ocen: 1,19.99,256.0,Polski,Wydawnictwo Sine Qua Non
801,Próby,Monteskiusz,,32.69,1166.0,Polski,vis-a-vis Etiuda
802,Wujek Sknerus I Kaczor Donald. Skarb Dziesięciu Awatar. Tom 7,Don Rosa,,46.03,224.0,Polski,Egmont
804,Obfitość. Wegetariańska Kuchnia Autora `Jerozolimy`,Yotam Ottolenghi,Liczba ocen: 3,47.14,288.0,Polski,Filo
805,"Factfulness: Dlaczego Świat Jest Lepszy, Niż Myślimy, Czyli Jak Stereotypy Zastąpić Realną Wiedzą",Rosling Hans,,30.94,368.0,Polski,Media Rodzina
806,Sprawa Honoru: Dywizjon 303 Kościuszkowski: Zapomniani Bohaterowie Ii Wojny Światowej,Lynne Olson,Liczba ocen: 1,14.99,496.0,Polski,Marginesy
809,Sztuczna Inteligencja. Nowe Spojrzenie. Tom 1,Stuart Russell Peter Norvig,,106.47,744.0,Polski,Helion
810,Rozgwiazda. Trylogia Ryfterów. Tom 1,Peter Watts,,38.11,484.0,Polski,Vesper
812,Wielka Księga Kici Koci,Anita Głowińska,Liczba ocen: 1,21.64,128.0,Polski,Media Rodzina
813,Hobbit Czyli Tam I Z Powrotem,J. R. R. Tolkien,Liczba ocen: 15,31.24,280.0,Polski,Iskry
816,"The Toddler'S Handbook: Bilingual (English / Polish) (Angielski / Polskie) Numbers, Colors, Shapes, Sizes, Abc Animals, Opposites, And Sounds, With ... Early Readers: Children'S Learning Books",Dayna Martin,Liczba ocen: 363,25.76,48.0,Polski,Engage Books
817,Baśnie Andersen. Lektura Z Opracowaniem,Hans Christian Andersen,Liczba ocen: 14,10.52,164.0,Polski,Greg
819,Dorosle Dzieci Niedojrzalych Emocjonalnie Rodzicow: Jak Uwolnić Się Od Przeszłości I Zacząć Nowe Życie,Lindsay C. Gibson,Liczba ocen: 29,35.32,256.0,Polski,Wydawnictwo Uniwersytetu Jagiellonskiego
822,Najemnik Śmierci,Krzysztof Małyszko,,22.94,248.0,Polski,ESPR
823,Thanks To You: 2,Izabella Nowaczyk,,30.16,453.0,Polski,NieZwykłe
824,Mądra Mysz. Zuzia Uczy Się Jeździć Na Rowerze,Liane Schneider Eva Wenzel-Burger,Liczba ocen: 3,7.4,24.0,Polski,Media Rodzina
825,Słońce I Gwiazda. Opowieść O Nicu Di Angelo. Świat Percy`Ego Jacksona,Rick Riordan Mark Oshiro,Liczba ocen: 1,35.26,538.0,Polski,Galeria Książki
826,Potęga Podświadomości 2.0. Metody Aktywujące: Metody Aktywujące Twój Potencjał,Murphy Joseph,Liczba ocen: 4,23.43,400.0,Polski,Świat Książki
827,Obrońcy Pańszczyzny,Leszczyński Adam,,35.8,400.0,Polski,Wydawnictwo Krytyki Polityczne
828,Sekrety Lublina,Załuski Krzysztof,,19.6,148.0,Polski,Księży Młyn Dom Wydawniczy
830,Lęk Przed Opuszczeniem Dodruk 2023: Jak Go Przezwyciężyć I Zbudować Zdrowy Związek Oparty Na Bliskości I Zaufaniu,Skeen Michelle,Liczba ocen: 1,52.39,171.0,Polski,GWP Gdańskie Wydawnictwo Psychologiczne
831,Harry Potter I Zakon Feniksa. Tom 5,J.K. Rowling,,50.29,960.0,Polski,Media Rodzina
832,Opowieści Z Narnii (Wydanie Dwutomowe),C.S. Lewis,,74.5,1076.0,Polski,Media Rodzina
834,Rozkład. O Niedemokracji W Ameryce,Tarczyński Piotr,Liczba ocen: 2,34.99,384.0,Polski,Znak Literanova
835,"Polski, Krok Po Kroku: Edition En Polonais: With Audio Download: Level A1",Iwona Stempek,Liczba ocen: 277,59.02,182.0,Polski,Glossa
837,Czytanki Naklejanki. Poznaj Naszą Drużynę,praca zbiorowa,,7.49,16.0,Polski,Olesiejuk Sp. z o.o.
838,"Gdynia Obiecana. Miasto, Modernizm, Modernizacja 1920-1939",Grzegorz Piątek,,46.18,480.0,Polski,W.A.B.
839,Wstęp Do Psychoanalizy,Freud Zygmunt,Liczba ocen: 1,11.69,480.0,Polski,vis-a-vis Etiuda
841,Devil'S Night Tom 2 Hideaway,Douglas Penelope,Liczba ocen: 2,27.68,520.0,Polski,Wydawnictwo NieZwykłe
844,Gdyby Był Ze Mną,Nowlin Laura,,34.19,368.0,Polski,Moondrive
845,Nawet Nie Wiesz Jak Bardzo Cię Kocham,McBratney Sam,Liczba ocen: 3,20.96,32.0,Polski,Harper Collins Polska / HarperKids
846,Filozofia Dla Zabieganych: Mała Książeczka O Wielkich Ideach,Thomson Jonny,Liczba ocen: 10,30.07,510.0,Polski,Insignis Media
847,Inteligencja Emocjonalna W Praktyce,Daniel Goleman,Liczba ocen: 1,27.89,504.0,Polski,Media Rodzina
848,Poczuj Życie: Karty Symboli,Miller Katarzyna,,55.34,140.0,Polski,Zwierciadło
851,Czeresnie Zawsze Musza Byc Dwie,Magdalena Witkiewicz,Liczba ocen: 11,19.9,450.0,Polski,Filia
852,Dzień Nastania Nocy Część 2,Shannon Samantha,,33.74,656.0,Polski,Wydawnictwo Sine Qua Non
853,Królestwo Nikczemnych. Królestwo Złowrogich,Maniscalco Kerri,,29.44,448.0,Polski,You YA
854,Klub Smutnych Duchów. Znajdź Swoją Bratnią Duszę. Tom 2,Lize Meddings,,35.68,256.0,Polski,W.A.B.
855,Wklejam I Maluję Biedronka,praca zbiorowa,,3.86,16.0,Polski,Pasja
858,Porozumienie Bez Przemocy Ćwiczenia Wyd. 2022: Materiały Do Pracy Indywidualnej I Grupowej Oraz Dla Szkół,Leu Lucy,,30.73,232.0,Polski,Czarna Owca
860,Flaw(Less) Opowiedz Mi Naszą Historię,Łabęcka Marta,,27.99,344.0,Polski,"Editio, Helion"
861,Szczeliny Istnienia Wyd. 2022,Brach-Czaina Jolanta,Liczba ocen: 2,35.0,220.0,Polski,Dowody na Istnienie
863,Wysoko Wrażliwi Wyd. 2022,Aron Elaine N.,Liczba ocen: 39,28.61,376.0,Polski,Feeria
866,Sid Meier Przedstawia: Wspomnienia!,Sid Meier,Liczba ocen: 2,23.49,336.0,Polski,Znak Horyzont
867,"Felix, Net I Nika Oraz Zero Szans 2. Inne Jutro",Kosik Rafał,,32.0,384.0,Polski,Powergraph
869,Jednostka 731: Relacje Świadków,Hal Gold,Liczba ocen: 3,34.76,256.0,Polski,Wydawnictwo Uniwersytetu Jagiellonskiego
870,Expanse Tom 3 Wrota Abaddona,James S. A. Corey,Liczba ocen: 6,29.5,540.0,Polski,Mag
872,Peryferal,William Gibson,,19.99,504.0,Polski,MAG
873,Flow Stan Przepływu,Csikszentmihalyi Mihaly,,32.89,472.0,Polski,Feeria
874,"Przetwarzanie Danych W Dużej Skali. Niezawodność,: Niezawodność, Skalowalność I Łatwość Konserwacji Systemów",Kleppmann Martin,,74.97,552.0,Polski,Helion
875,Historia Złych Uczynków,Katarzyna Zyskowska,,32.14,512.0,Polski,Znak Literanova
876,Baśnie Braci Grimm (Na Podstawie Ii Wydania Z 1819 Roku),Jakub Grimm Wilhelm Grimm,Liczba ocen: 3,24.74,120.0,Polski,Media Rodzina
877,Dianetyka: Wspolczesna Nauka O Zdrowiu Umyslowym,L. Ron Hubbard,Liczba ocen: 2,54.39,688.0,Polski,New Era Publications International APS
878,Dom Nad Błękitnym Morzem,Klune TJ,Liczba ocen: 1,30.69,416.0,Polski,You YA
879,"Kicia Kocia I Nunuś. Pa, Pa Smoczku!",Anita Głowińska,,12.24,14.0,Polski,Media Rodzina
882,Szklany Tron. Tom 1,Sarah J. Maas,Liczba ocen: 2,32.34,520.0,Polski,Uroboros
883,Kitty Kotty In Space,Głowińska Anita,,6.04,24.0,Polski,Media Rodzina
884,Osiem Gor,Paolo Cognetti,Liczba ocen: 1,21.99,264.0,Polski,Sonia Draga
885,Ten Drugi (Okładka Miękka),Książę Harry,Liczba ocen: 31,38.29,504.0,Polski,Marginesy
886,"Emerytura Nie Jest Ci Potrzebna: Czyli Jak Kilka Twoich Decyzji Może Spowodować, Że Zgromadzisz Majątek I Szybciej Osiągniesz Wolność",Jacek Borowiak,Liczba ocen: 9,,242.0,Polski,Rozpisani.pl
887,Kolorowanka Z Tatuażami. Samochody Osobowe,Opracowanie zbiorowe,,6.49,16.0,Polski,Skrzat
888,Wprowadzenie Do Buddyzmu Zen Wyd. 2022,Deisetz Teitaro Suzuki,,15.99,168.0,Polski,Vis-a-vis / Etiuda
889,"Rzeczy, Których Nie Dokończyliśmy",Yarros Rebecca,,32.19,544.0,Polski,Filia
890,"Bóg To, O Czym Dorośli Ci Nie Mówią",Janiszewski B.,,35.82,144.0,Polski,Publicat S.A.
891,Akademia 2-Latka,praca zbiorowa,Liczba ocen: 1,3.95,16.0,Polski,Greg
892,Babel,Kuang Rebecca F.,,53.17,762.0,Polski,Fabryka Słów
893,U Stóp Słowiańskiego Parnasu Bogowie I Gusła,Pełka Leonard J.,Liczba ocen: 8,25.35,208.0,Polski,Replika
894,When In Rome. Rzymskie Wakacje,Adams Sarah,Liczba ocen: 1,26.33,440.0,Polski,Filia
895,Start A Fire. Runda Pierwsza,"P.S. Herytiera ""pizgacz""",Liczba ocen: 4,28.55,608.0,Polski,"Editio, Helion"
896,Trylogia Husycka T.1 Narrenturm,Sapkowski Andrzej,Liczba ocen: 4,31.32,640.0,Polski,superNOWA
897,Rozmówki Pol-Ang Dla Turystów...,Brożyna Małgorzata,Liczba ocen: 2,6.25,296.0,Polski,Greg
899,Naku*Wiam Zen,Peszek Maria,Liczba ocen: 6,29.97,350.0,Polski,Marginesy
900,Tresura. Kulisy Lewicowej Indoktrynacji,Winiarski Łukasz,,37.99,330.0,Polski,3S Media
901,Jesień Na Ulicy Czereśniowej Wyd. 3/2022,Rotraut Susanne Berner,,25.9,14.0,Polski,Dwie Siostry
902,Szóstka Wron T.1,Bardugo Leigh,,42.67,496.0,Polski,MAG
903,Sztuka: Przewodnik Dla Lubiących Rozkminiać Bez Bólu,Grzymkowski Eric,,27.58,328.0,Polski,Zwierciadło
904,Dotknij Mnie Tom 1,Mafi Tahereh,,31.12,444.0,Polski,We need YA
905,Komiksy Paragrafowe Porwanie,Opracowanie zbiorowe,Liczba ocen: 1,24.69,176.0,Polski,Foxgames
906,Jak Ocalić Świat Od Katastrofy Klimatycznej,Gates Bill,Liczba ocen: 11,25.19,320.0,Polski,Agora SA
907,Kajko I Kokosz. Złota Kolekcja. Tom 1 (Nowe Wyd.),Christa Janusz,,75.6,176.0,Polski,Egmont
908,Przepis Na Dwujęzyczność: O Efektywnym Dwujęzycznym Wychowywaniu. Praktyczny Poradnik Dla Rodziców I Pedagogów Z Ćwiczeniami,dr Aneta Nott-Bower,Liczba ocen: 5,81.9,148.0,Polski,
910,Życie 3.0 Człowiek W Erze Sztucznej Inteligencji,Tegmark Max,Liczba ocen: 1,31.65,448.0,Polski,Prószyński Media
911,Republika Smoka. Trylogia Wojen Makowych. Księga 2,Rebecca F. Kuang,,46.83,791.0,Polski,Fabryka Słów
912,Umysł Zabójcy,Mike Omer,,19.18,456.0,Polski,Świat Książki
913,Credence,Douglas Penelope,Liczba ocen: 3,30.44,592.0,Polski,Wydawnictwo NieZwykłe
914,Brudne Lata Trzydzieste: Opowieść O Wielkich Burzach Pyłowych,Egan Timothy,,28.61,400.0,Polski,Czarne
916,Mitologia Słowiańska,Brckner Aleksander,Liczba ocen: 8,12.39,176.0,Polski,vis-a-vis Etiuda
918,Plemie Mentorow: 11 Pytań Do Najlepszych Na Świecie,Ferriss Timothy,,39.66,628.0,Polski,MT Biznes
919,Thunderhead. Seria Żniwa Śmierci. Tom 2,Neal Shusterman,,43.59,592.0,Polski,Uroboros
920,Kingdom Of Villains,Fields Ella,,26.81,416.0,Polski,Niegrzeczne Książki
921,Regulacja Masy Ciała W Sporcie: Optymalne Warianty Żywieniowe Oraz Mechanizmy Fizjologiczne,Mizera Krzysztof,,34.82,232.0,Polski,Galaktyka
922,Wywieranie Wpływu Na Ludzi. Psychologia Perswazji,Cialdini Robert B.,,120.7,544.0,Polski,GWP Gdańskie Wydawnictwo Psychologiczne
923,Biblia Treningu Rowerowego,Friel Joe,,71.83,328.0,Polski,Galaktyka
925,Akwarium,Suworow Wiktor,,30.31,336.0,Polski,Rebis
926,Niania,Gillian Macmillan,Liczba ocen: 1,18.82,464.0,Polski,Świat Książki
927,Zwyciezaj W Biznesie!: Strategie I Taktyki Wojenne Na Biznesowym Polu Walki,Brian Tracy,,35.0,312.0,Polski,MT Biznes
928,Kwiat Paproci I Inne Legendy Słowiańskie,praca zbiorowa,,39.59,448.0,Polski,Wydawnictwo Mięta
929,Wywieranie Wpływu Na Ludzi.: Teoria I Praktyka,Robert Cialdini,Liczba ocen: 2,71.7,334.0,Polski,GWP
931,W Pulapce Niepokoju: Jak Przechytrzyć Własny Mózg I Przestać Się Zamartwiać,David A. Carbonell,,46.0,240.0,Polski,Wydawnictwo Uniwersytetu Jagiellonskiego
932,Wojownicy. Superedycja Tajemnica Żółtego Kła,Hunter Erin,,33.69,560.0,Polski,Wydawnictwo Nowa Baśń
933,Wychowanie Przy Ekranie. Jak Przygotować Dzieci: Jak Przygotować Dzieci Do Życia W Sieci?,Biegaj Magdalena,,32.24,320.0,Polski,W.A.B.
934,Uwięziona,Paris B.A.,Liczba ocen: 2,28.74,352.0,Polski,Albatros
935,Neuroshima Edycja 1.5: Postapokaliptyczna Gra Fabularna,Ignacy Tczewiczek,Liczba ocen: 2,40.2,130.0,Polski,Portal Games
936,Jezyk Cierni: Opowieści Snute O Północy I Niebezpieczna Magia,Leigh Bardugo,Liczba ocen: 1,39.0,296.0,Polski,Mag
941,"Strażniczka Swoich Granic. Jak Być Wierną Sobie, By Wreszcie Żyć Tak, Jak Na To Zasługujesz",Terri Cole,Liczba ocen: 7,,336.0,Polski,Otwarte
942,Warzywa. Akademia Mądrego Dziecka. Pierwsze Słowa,Nathalie Choux,,16.45,10.0,Polski,Harper Collins Polska / HarperKids
944,W Domu. Akademia Mądrego Dziecka. Pierwsze Słowa.: W Domu. Akademia Mądrego Dziecka. Pierwsze Słowa.,Nathalie Choux,Liczba ocen: 2,,10.0,Polski,Harper Collins Polska / HarperKids
945,Odkryj Swoje Wewnętrzne Dziecko. Klucz Do Rozwiązania (Prawie) Wszystkich Problemów,Stefanie Stahl,Liczba ocen: 72,,304.0,Polski,Wydawnictwo Otwarte
946,Wojna O Jadeit. Saga O Zielonych Kościach. Tom 2,Fonda Lee,,42.98,644.0,Polski,MAG
948,Klasyka Młodego Czytelnika. Baśnie Grimm I Perraul,Grimm,,18.8,96.0,Polski,Ibis
949,Eden,Stanislaw Lem,Liczba ocen: 9,,424.0,Polski,Literackie
950,Atlas Gwiazd: Konstelacje. Mapy Nieba. Astrofotografie,Rudź Przemysław,,27.88,192.0,Polski,SBM
951,Nic Zwyczajnego. O Wisławie Szymborskiej,Michał Rusinek,,37.76,320.0,Polski,Znak
952,Encyklopedia Dla Dzieci,praca zbiorowa,Liczba ocen: 6,25.94,160.0,Polski,Greg
953,Odrodzenie Serca,Natasha Knight,,39.9,304.0,Polski,Papierówka
954,Rośliny. Cuda Natury Na Wyjątkowych Ażurowych: Cuda Natury Na Wyjątkowych Ażurowych Rycinach,Einhorn Juliette,,59.94,54.0,Polski,Mamania
955,Nowa Seria Dobra Książeczka 3-6 Miesięcy,Agnieszka Starok,,7.97,10.0,Polski,Tekturka
956,613 Przykazań Judaizmu: Siedem Przykazań Rabinicznych I Siedem Przykazań Dla Potomków Noacha,Gordon Ewa,Liczba ocen: 1,19.29,288.0,Polski,Austeria
957,Warszawa Idzie Na Mecz Tom 2,Szczepłek Stefan,,33.07,368.0,Polski,Skarpa Warszawska
958,"Kombucza, Kefir I Spółka. Fermentowane Napoje: Fermentowane Napoje Z Całego Świata",Lokki,,22.8,160.0,Polski,Znak Koncept
959,Joga W Medycynie Energetycznej,Walker Lauren,,37.09,280.0,Polski,Studio Astropsychologii
962,Francuski 365 Na Każdy Dzień: Poziom A2-B2,Justyna Hołosyniuk,Liczba ocen: 1,31.75,344.0,Polski,Preston School Publishing
963,Imperium Sodomy I Jego Sojusznicy. Szkice Na Temat,Lisicki Paweł,,52.06,360.0,Polski,Fronda
964,Kryptowaluty Dla Zabieganych Michał Zajda Książka,Zajda Michał,,27.03,368.0,Polski,Insignis Media
966,Bad Friends Tom 2: Friends #2,Negrońska Aleksandra,,26.55,380.0,Polski,Wydawnictwo NieZwykłe
967,Czarno Na Białym,Jędrzejczyk Joanna,Liczba ocen: 2,12.99,248.0,Polski,Słowne (dawniej Burda Książki)
969,Sword Art Online: Progressive #3,Reki Kawahara,,30.39,236.0,Polski,Kotori
970,Hasające Zające W Górach. 50 Wycieczek Dla Małych,Zając Justyna,,41.93,368.0,Polski,Bezdroża
971,Marihuana Praktyczny Przewodnik Uprawy - Kompletny Przewodnik Dla Pocz&#261;Tkuj&#261;Cych Na Temat Uprawy Konopi Diy. Produkuj Pezpieczne I Zdrowe Zbiory,Cristiano Navarro,,142.44,338.0,Polski,Cristiano Navarro
972,Pokój Z Widokiem Na Wojnę. Historia Izraela,Gebert Konstanty,,53.54,816.0,Polski,Wydawnictwo Agora
973,"To, Co Powiesz Może Zmienić Świat: O Języku Pokoju W Świecie Konfliktów",Marshall B. Rosenberg,,24.79,200.0,Polski,Czarna Owca
974,Zanim Wystygnie Kawa. Opowieści Z Kawiarni,Kawaguchi Toshikazu,,25.88,208.0,Polski,Wydawnictwo Relacja
975,Kitty Kotty Is Ill,Anita Głowińska,Liczba ocen: 3,6.75,24.0,Polski,Media Rodzina
976,Najlepsze Lata Naszego Zycia,Marek Hlasko,Liczba ocen: 6,11.78,368.0,Polski,Iskry
977,Hiszpański W Tłumaczeniach Gramatyka Część 3 Poziom B1-B2 (Wydanie 2),Magdalena Filak,,34.04,152.0,Polski,Preston School Publishing
978,Miasto Mosiądzu. Cykl Dewabad. Tom 1,S. A. Chakraborty,Liczba ocen: 1,29.43,592.0,Polski,We need YA
980,Kicia Kocia I Nunuś. Jaki To Zawód?,Anita Głowińska,Liczba ocen: 1,27.39,14.0,Polski,Media Rodzina
981,Wyczaruj Zwierzęta Prehistoryczne Malowanki Wodne,praca zbiorowa,,2.65,8.0,Polski,Skrzat
983,"Pozdrowienia Z Warszawy. Polski Wywiad: Polski Wywiad, Cia I Wyjątkowy Sojusz",Pomfret John,Liczba ocen: 3,34.7,352.0,Polski,Znak Literanova
985,Mapa Kulturowa. Jak Skutecznie Radzić Sobie Z Róż: Jak Skutecznie Radzić Sobie Z Różnicami Kulturowymi W Biznesie,Meyer Erin,,44.9,320.0,Polski,Znak Literanova
986,Przeklęte Dusze Tom 2 Her Soul For Revenge,Laroux Harley,,28.21,448.0,Polski,Niegrzeczne Książki
987,Kocie Mojo Czyli Jak Byc Opiekunem Szczesliwego Kota,Jackson Galaxy,Liczba ocen: 14,39.99,448.0,Polski,Sine Qua Non
989,Zima Lwów,Auci Stefania,Liczba ocen: 1,36.59,784.0,Polski,W.A.B.
990,Gry. Seria Twisted,Huang Ana,,31.71,500.0,Polski,Czwarta Strona
991,Hype. Przysięga Złodziei,Pearson Mary E.,,31.19,576.0,Polski,Filia
992,Kafka W Praktyce. Przetwarzanie Strumienio Wyd. 2,Shapira Gwen,,48.59,416.0,Polski,Helion
993,Kitty Kotty Cannot Sleep,Anita Głowińska,,6.37,24.0,Polski,Media Rodzina
994,Lato Złamanych Zasad,K.L. Walther,Liczba ocen: 1,33.63,360.0,Polski,Moondrive
995,V,Pynchon Thomas,Liczba ocen: 1,19.99,592.0,Polski,MAG
996,Władca Pierścieni Tom 1 Bractwo Pierścienia,Tolkien J.R.R.,Liczba ocen: 10,27.46,586.0,Polski,Zysk i S-ka
997,Kocham Czytac Pakiet 18 Zeszytow (1-18) + Poradnik I Kolorowanka,Jagoda Cieszynska,Liczba ocen: 7,161.0,360.0,Polski,Wydawnictwo Edukacyjne
998,Stoicyzm Na Każdy Dzień Roku 366 Medytacji,Holiday Ryan,Liczba ocen: 2,33.13,416.0,Polski,"One Press, Helion"
999,Świt Królestw. Jasna Historia Wieków Ciemnych,Jones Dan,,79.99,832.0,Polski,Znak Horyzont
1000,Dziennik Wdzięczności: Afirmacje Mindfulness Dla Kobiet I Mężczyzn | Zdrowie I Spokój Poprzez Pisanie Pamiętnika | Uzdrawianie I Medytacja,Bohoshee,,39.99,136.0,Polski,
1001,Kolorowe Pianino 3. Piosenki Dla Dzieci,Maja Dusik,,15.0,24.0,Polski,Diagram
1004,Okrutny Książę Tom 1 Wyd. 2023,Black Holly,,30.44,400.0,Polski,Jaguar
1005,Kroniki Diuny Tom 4 Bóg Imperator Diuny Wyd. 2022,Herbert Frank,,79.0,496.0,Polski,Rebis
1006,Odważ Się Robić Wielkie Rzeczy. I Ty Możesz: I Ty Możesz Pracować W Nasa,Chmielewski Artur,,28.27,224.0,Polski,Prószyński Media
1007,"Droga Icemana: Metoda Wima Hofa.Ćwiczenia Oddechowe, Trening Z Zimnem Oraz Praca Z Umysłem.",Hof Wim,Liczba ocen: 6,21.99,176.0,Polski,Galaktyka
1010,Mów Mi Kolt,Wagner Michał,,25.45,328.0,Polski,Wydawnictwo Dolnośląskie
1011,Złodziej Pioruna. Seria Percy Jackson I Bogowie Olimpijscy. Tom 1,Rick Riordan,,28.79,360.0,Polski,Galeria Książki
1014,6 Filarów Poczucia Własnej Wartości,Branden Nathaniel,,34.34,480.0,Polski,Feeria
1016,Ocaleni Z Ludobójstwa: Wspomnienia Polaków Z Wołynia,Bartosz Januszewski,,50.0,520.0,Polski,IPN
1017,Mów Mi Win,Harlan Coben,Liczba ocen: 11,23.71,412.0,Polski,Albatros
1020,Kwartalnik Artystyczny: Weź Sztukę Z Magazynu - Nr. 3/2022,Agnieszka Troć,Liczba ocen: 2,39.9,48.0,Polski,
1021,Przesniona Rewolucja: Ćwiczenia Z Logiki Historycznej,Andrzej Leder,Liczba ocen: 5,24.74,208.0,Polski,Wydawnictwo Krytyki Politycznej
1023,O Krok Za Daleko,Coben Harlan,Liczba ocen: 12,19.99,448.0,Polski,Albatros
1024,Kwadraty Nieba,Barbara BranCa,,41.99,98.0,Polski,
1028,Lucia,Minier Bernard,,29.7,368.0,Polski,Rebis
1029,Druga Wojna Światowa,Antony Beevor,,70.77,1040.0,Polski,Znak Horyzont
1031,Serce Diabła. Forge #3,Meghan March,Liczba ocen: 1,12.69,208.0,Polski,"Editio, Helion"
1032,Perfumeria Na Rozstaju Dróg,Magdalena Witkiewicz,,33.26,368.0,Polski,Wydawnictwo Flow
1033,Jak Uwolnić Swój Nadprzyrodzony Potencjał,Dispenza Joe,,60.99,564.0,Polski,Studio Astropsychologii
1034,Kroniki Królobójcy Tom 1 Imię Wiatru Wyd. 2023,Rothfuss Patrick,,41.48,876.0,Polski,Rebis
1035,Koszulka Na Dokumenty A4 Krystaliczna 100 Sztuk,,Liczba ocen: 79,9.85,100.0,Polski,PBS Connect Polska
1036,Moffiss: Collection Of The Best Stories Sf,Jacek Hoffman,Liczba ocen: 1,29.11,148.0,Polski,
1037,"Od Z Do A. Jak To Zrobiliśmy? Tajniki, Zasady I Sekrety Amazona",Bill Carr Colin Bryar,,30.09,400.0,Polski,Wydawnictwo Sine Qua Non
1038,"Od Z Do A. Jak To Zrobiliśmy? Tajniki, Zasady I Sekrety Amazona",Bill Carr Colin Bryar,,30.09,400.0,Polski,Wydawnictwo Sine Qua Non
1039,Sztuka Kochania,Michalina Wislocka,Liczba ocen: 111,22.34,312.0,Polski,Agora
1040,Rodzinne Podróżowanie - Pakowanie,Kamila i Paweł Florczak,Liczba ocen: 1,49.99,128.0,Polski,
1042,Tomek I Przyjaciele. Bajki 5 Minut Przed Snem,Allcroft Britt,,25.17,176.0,Polski,Harper Collins Polska / HarperKids
1044,Ja Inkwizytor Dotyk Zla,Jacek Piekara,Liczba ocen: 3,26.01,352.0,Polski,Fabryka Slow
1045,"Ja, Inkwizytor Wieze Do Nieba",Jacek Piekara,Liczba ocen: 2,27.31,378.0,Polski,Fabryka Slow
1046,Jak Wychować Nazistę. Reportaż O Fanatycznej Edukacji,Gregor Ziemer,Liczba ocen: 4,27.59,272.0,Polski,Znak Literanova
1047,Kossakowie Tango,Jurgała-Jureczka Joanna,Liczba ocen: 1,30.6,360.0,Polski,Zysk i S-ka
1048,Beksiński. Wizje Życia I Śmierci,Szomko-Osenkowska Dorota,,,176.0,Polski,Wydawnictwo BOSZ
1050,Zbrodnia I Kara,Dostojewski Fiodor,Liczba ocen: 1,22.39,374.0,Polski,vis-a-vis Etiuda
1051,Nowa Mapa: Jak Energetyka Zmienia Geopolitykę,Yergin Daniel,,36.19,540.0,Polski,Sonia Draga Post factum
1052,Zew Cthulhu,H.P. Lovecraft,Liczba ocen: 12,15.31,308.0,Polski,Vesper
1053,Zniszcz Ten Dziennik Wszędzie Wyd. 2022,Smith Keri,,11.69,144.0,Polski,Grupa Wydawnicza K.E.Liber
1054,Francuski W Tłumaczeniach. Gramatyka Część 2 Poziom A2-B1: Praktyczny Kurs Językowy,Janina Radej,,29.28,152.0,Polski,Preston School Publishing
1055,Bajki Logopedyczne Misia Api (2-4 Lat),Maria Szyfter Agata Kalina,Liczba ocen: 4,15.44,64.0,Polski,Greg
1056,"Dziewczyna, Kobieta, Inna",Evaristo Bernardine,Liczba ocen: 6,25.58,496.0,Polski,Wydawnictwo Poznańskie
1058,Niemiecki W Tłumaczeniach. Słownictwo. Część 1: Poziom A1-B1,Bartosz Zelek,Liczba ocen: 4,39.22,224.0,Polski,Preston School Publishing
1059,Maluszkowe Malowanie. Wyścigówki,Opracowanie zbiorowe,,1.9,16.0,Polski,Skrzat
1060,Katarynka Lektura Z Opracowaniem 4-6 Sp Tw,Prus Bolesław,Liczba ocen: 2,7.89,46.0,Polski,SBM
1061,Cykl Zmroku Księga 2 Pustynny Książę Miękka,Peter V. Brett,Liczba ocen: 1,35.14,560.0,Polski,Fabryka Słów
1062,Pułapki Przyjemności,Rutkowski Robert,Liczba ocen: 2,24.75,192.0,Polski,Muza SA
1063,Punk 57 Dodruk 2022,Douglas Penelope,Liczba ocen: 19,23.76,396.0,Polski,Wydawnictwo NieZwykłe
1064,Dieta Ketogeniczna,Maria Emmerich,Liczba ocen: 11,36.86,300.0,Polski,Aba
1065,Devils Night Tom 1 Corrupt,Douglas Penelope,Liczba ocen: 33,27.59,483.0,Polski,NieZwykłe
1066,Her Soul To Take/Przeklęte Dusze: 1,Laroux Harley,,28.21,448.0,Polski,Niegrzeczne Książki
1067,Baśniowa Opowieść,King Stephen,Liczba ocen: 9,35.86,700.0,Polski,Albatros
1068,Kobe Bryant. Mentalność Mamby. Jak Zwyciężać,Kobe Bryant,Liczba ocen: 3,,224.0,Polski,Wydawnictwo Sine Qua Non
1069,Opowieści Z Niebezpiecznego Królestwa Wersja Il.: Wersja Ilustrowana,Tolkien J.R.R.,Liczba ocen: 1,46.71,320.0,Polski,Zysk i S-ka
1070,Awantura W Bajkach,Agnieszka Olejnik,,,96.0,Polski,Adamada
1071,Moje Camino - Podróż Do Siebie,Katarzyna Lorenc,,44.0,84.0,Polski,
1072,Wciśnij Reset. Triumfy I Fakapy W Przemyśle Gier,Schreier Jason,Liczba ocen: 1,30.49,368.0,Polski,Wydawnictwo Sine Qua Non
1073,Epoka Mitu,Sullivan Michael J.,,39.42,480.0,Polski,MAG
1074,Maluszkowe Malowanie. Piraci,Opracowanie zbiorowe,Liczba ocen: 3,1.9,16.0,Polski,Skrzat
1075,Życie Między Wcieleniami. Hipnoterapia Drogą Do Duchowej Regresji,dr Michael Newton,Liczba ocen: 4,25.35,280.0,Polski,Illuminatio
1076,Heavy Kawaii'S Sudoku Poziom Pro: Trudne Do Bardzo Trudne Sudoku Dla Zaawansowanych I Pełnych Profesjonalistów,Heavy Kawaii,,39.9,108.0,Polski,
1077,"Mądra Mysz. Pociągi, Statki, Samoloty",Frank Littek,,6.37,24.0,Polski,Media Rodzina
1078,Delilah Green Ma To Gdzieś,Herring Blake Ashley,,30.61,416.0,Polski,Media Rodzina
1079,Robienie Na Drutach Dla Każdego,Haffenden Vikki,Liczba ocen: 1,77.97,364.0,Polski,Słowne (dawniej Burda Książki)
1081,Periodyzacja Treningu Siłowego W Sporcie,Bompa Tudor O.,,71.85,336.0,Polski,Galaktyka
1083,Pi Razy Oko,Matt Parker,Liczba ocen: 1,19.99,368.0,Polski,Insignis Media
1086,Mesjasz Diuny. Cykl Kroniki Diuny. Tom 2,Frank Herbert,Liczba ocen: 4,24.24,304.0,Polski,Rebis
1087,Duchy Szkocji,Maciej Kowalkowski,Liczba ocen: 5,87.14,200.0,Polski,
1088,"Zalekniony Mozg: Jak Dzięki Sile Neuronauki Pokonać Zaburzenia Lękowe, Ataki Paniki I Zamartwianie Się",Catherine M. Pittman,Liczba ocen: 3,35.84,272.0,Polski,Wydawnictwo Uniwersytetu Jagiellonskiego
1089,Trylogia Wojen Makowych Tom 3 Płonący Bóg,Kuang Rebecca,Liczba ocen: 1,41.49,796.0,Polski,Fabryka Słów
1090,Wyczaruj Samochody Wyścigowe Malowanki Wodne,praca zbiorowa,Liczba ocen: 1,2.65,8.0,Polski,Skrzat
1091,The Broken Cask - Polish Edition: Jednoosobowa Gra Karczmarska,Derek A. Kamal,,59.85,78.0,Polski,
1092,Odyseja,Homer,,34.62,512.0,Polski,Wydawnictwo MG
1093,"Nie Powiem Ci, Że Wszystko Będzie Dobrze",Justyna Suchecka,,32.23,224.0,Polski,W.A.B.
1094,Tytus Romek I A'Tomek Księga 3 Tytus Kosmonautą,Chmielewski Henryk Jerzy,Liczba ocen: 4,4.43,56.0,Polski,Prószyński Media
